{"version":18,"hash":{"type":"Buffer","data":"vGz2qRx/DlT/zXObRLNyVweEfcjk2+jc8rSd0H8j9CxrR+auR5m/4JjM3Rz8rxP7k3yTL2d9w86fAjIjeVE+7+tmo2ULd2lCuxvHyp8xFPm01iDCplL6FQf+1jqtUlnE0VpUAHeQhbC8OPVWYbnMHVwuZZPAPSRjmlqTjcTfeVQ="},"indexValueMap":{"pTgPB7AqVjUOEEPKysIVpj5kYqvhIHQMKGenCNcCFPw=":{"valueMac":{"type":"Buffer","data":"yZPHVm7gC12d1FkIQTTmSqJaGJ93QfMZHQmRKiaMR+0="}},"6mCg04LVwgajX8bY36g15bIELirXbXHIKwTdlX7OkGg=":{"valueMac":{"type":"Buffer","data":"uCvTce0klSWEkc994G50gi5gGld4bSYlSDMTHgvlmCQ="}},"Hx+VWgF9OHN6SL+jDsWyCz7pQZZpJ7L5gsr8/ARCuSA=":{"valueMac":{"type":"Buffer","data":"OHwKzLprOQMkEy8l1T3etz63PivVC4zlsvTPLlln5mg="}},"VnQjTdz+uVWmWfMzn7jAHY/Buc6kvNzVW6dId1YCcfs=":{"valueMac":{"type":"Buffer","data":"BEEFxDJ7NyXMQ4cbiE5SnwMf+EA3tovWanQ7N15kx0s="}},"gtI0IZNHRvrpDB1vyecCdSOC6fAp/eR9KCENBuaA698=":{"valueMac":{"type":"Buffer","data":"acevoLc6l6jiyqNfXg2i+z3bFvYQ2A1ZGu8Bl95VldY="}},"h09zI3MJMsdP+/1ltyJvis6T0VKaL9A+dy0IIKmtSu4=":{"valueMac":{"type":"Buffer","data":"UvqEgId31LnHSwZAgRMe0oLQdRHfEw7RwemQRi83yVI="}},"aRAe7YxiqeriLzV//Lcr/UVPz6IV5k5W6cWSUWfH/No=":{"valueMac":{"type":"Buffer","data":"hCVl1LdYuZ44PKSy3asIO6nvoSYCx/KTjWUY7RnnJHk="}},"r0chYfvbmc6PD7zrGWPh9W1sULbovSLoA0Ok3eIIikM=":{"valueMac":{"type":"Buffer","data":"uGDay2pNL5hozLNQlVPpBce+aHpAteoTCSXhcp7OAoA="}},"Y7Nn2rwKXGLXaPpzIIIGedAVzp//ExVKKQn6LmwsXMk=":{"valueMac":{"type":"Buffer","data":"GWc53MetrRkf490QFOlesME/1uBhjbUg/sEe+7aGKAY="}},"6dx3V62uwczIRea8DTaqegjcfo/GQiLVfj/Ti3b3Ros=":{"valueMac":{"type":"Buffer","data":"YlzW55PbP4O4rs3tRTjAvwYv/Tck2VwGWEPC6TYW4g8="}},"JOv+0PmVSS9/bC5Ttd+6VdvNMbpUlE4V+1UsayEQ2LE=":{"valueMac":{"type":"Buffer","data":"YBAr2TlMujwM5SmY+aQ2zaRTzvMURTAHLurSmGUmz80="}},"W+GESAjCdGMHwrzrunOW1nTWuh8k1HrEbi1JMTfxpRM=":{"valueMac":{"type":"Buffer","data":"HhYZLwg5epv70h7ABEs8RtrN6Ffth2/TJv6xaNj6xWw="}},"KBSKHaHwTyzPhr2rPYcMbnhAUJtOc4oBjbVmkTEMd/Y=":{"valueMac":{"type":"Buffer","data":"JgEo30Gz4Afj9obiTIrVkS43kpRw2dp6yhYdfy5CQAo="}},"x1aU7zWjk/ApNP9/0Kq0TgS3HIk86ZoEtDYl3yO9lX8=":{"valueMac":{"type":"Buffer","data":"FGxuE9A2SIngkLzLTDy/0GDlopdzM+MKJE68nH+vEKs="}},"89yU6B6Iy/Cebl6ZXu8P0Niz5/F5gsirf3EtOmFwdvg=":{"valueMac":{"type":"Buffer","data":"GZidZ4fA5J2+OnluJ51sdI2oIohrCfgK3XfD0PcfWMc="}},"ZfMQivluhCd/MH7RzQKPkmIyfTaTl7ZsRJNXKE++sZ0=":{"valueMac":{"type":"Buffer","data":"w5UHu70Cl16shLuirAWtvoCtafYj8ZFduMQGzvzCwbI="}},"v0/p3tyCG5BsUUl5hEzxDoeVsfS0yLX09HUAvIJDLFk=":{"valueMac":{"type":"Buffer","data":"TXTwlpWfLjXIhT3/MhFUDHUcif09mr7yYqi1EN9l560="}},"G4xzgy1mDQ0qXli+AP1GEna7402iCbQnQgKoBYVuw8s=":{"valueMac":{"type":"Buffer","data":"pwHvsNh2HAXlJdSUATtgxRXl3VIwyg2TTVjC6TrIlcU="}},"yJsoMVtFP1Yu5J468R3fmRe+r7mr7Cy+bvhxvUiftGU=":{"valueMac":{"type":"Buffer","data":"4nkDwdgCdMLtrSbG93uRL4ihE2GhdWdyZP8IUv6BqyU="}},"oS30n6ems+k4M/tKPUzLEJ3MQ4NOYFWbC+7HK3eLis0=":{"valueMac":{"type":"Buffer","data":"5fhr+UVVAJqq+AHHczUG1UKFCStABckw3dWN/Xr2mP4="}},"caGZRLVxbCxKCkz6N02vMxQ4g4bTWVK5Nj9yTei0mLE=":{"valueMac":{"type":"Buffer","data":"c6K8szBmO/qIZ64dRjY4wvEmcxAeWPZaMnKAZHDghho="}},"+xXafTtvlz0PB0AkucKdVYyeSe/get/b/bqlTCqQfGI=":{"valueMac":{"type":"Buffer","data":"+KPPECbN5O1AWNSO4XlIPqA/Sf/FspT8iPd7SdsSUPc="}},"lwn4E6z0LTTVMSUZMOIlkk0cTqQ/jgBULv6Q21e5mJk=":{"valueMac":{"type":"Buffer","data":"V8c47Freo/wwAWTQ39Mk/GBsEBh496+PMj5txuxo9M4="}},"tsqb3M66WwMYshzAmmsj1zEllySgGyt0kkX/FtvY0G4=":{"valueMac":{"type":"Buffer","data":"YwpKBC5uDOYMkCAuJeSMfIc9I8qn7/QfFSjhR+FnN4g="}},"yR9CjyoBeKHCPBk2AofZsgZSx3T2xfzqvV+c6BRlHs0=":{"valueMac":{"type":"Buffer","data":"EOWqhodD3GP/BCYIU9o+kovlc6k0zMm3cjz6Y72gllw="}},"H4Pwwych6PHU1cbJsKb2M6UTFnqx5K5pIV4z6C3jdOI=":{"valueMac":{"type":"Buffer","data":"26ucM3hv+h+AHIhIWEOPEXSXNDF4qH6gANncxkoL9c8="}},"vOaVcN7kPmIPAM7+e5U65BMxNaTvmS9HImcxrmPWfhY=":{"valueMac":{"type":"Buffer","data":"peq8/LwLm750du8kQT6eA6dl3L6LBL78Dgx3kAVTuy8="}},"GSS5v9eJXDGqp5BuvwQiYgUe8h5Fqy9bHiMOtf0zbIE=":{"valueMac":{"type":"Buffer","data":"B9f4Np3+++YopULphe0ogDNAtyb2S4ka9+s07vRG/ZI="}},"5B3XB1AbV/xeOsR4KW9sa2unTa+jj4ukrcTNy0Lkuf8=":{"valueMac":{"type":"Buffer","data":"uLDNmG/xpY74HBeEjvFE8LxAz6Hi53hEoUE+ZUnedNQ="}},"DEF1CWUabEuEOGAdtKwl5UFI6XyrepIXn6WwSx/Hu3g=":{"valueMac":{"type":"Buffer","data":"T4GyDNKhRKXMJwNTgFPJjWtacfgaB38XAY/+f8lq4eQ="}},"GWj3+RU7ioLcurWWcHTF1pGSAHTqdCoA52+1i09cgtY=":{"valueMac":{"type":"Buffer","data":"HIcAfrzQTZMXD/5Z/K2R7OYI3rNXB4SkcT23Z4a7l+E="}},"nU8OJN6wFlpSb2WsjbqggRqkfEqmcCs5hoKqbNz5EJM=":{"valueMac":{"type":"Buffer","data":"Uzl0MTRoHZ1Z7G9enCbmERdhhjVYu5LhPL6GVOZ1BFc="}},"RaP03aIGqIXw+haZvtILVdfI5qq3V9ZExkr9WoCVjDs=":{"valueMac":{"type":"Buffer","data":"ZeH8RYD6ltKy7vEB1zaB1dQXXLL3dRC2O2Ip0dEWNVo="}},"JswrkqFYqvvVXC9NgKLNU8/BwCE/tA6t7uzGVbCxnHY=":{"valueMac":{"type":"Buffer","data":"hD0PgLnv+/kK/kJum/EP4zW8ebmOj3TCGlP7w5uIA6E="}},"hqKo6uvj76WFUG/3yV7R77roO+sU3NciYzITtsMQ1uI=":{"valueMac":{"type":"Buffer","data":"CuxiQBKFTKrzkqRaKCI40LkTukcR380mGj7Oe5Pvv7w="}},"uaCubaSIIJhlTdROFeMG3giE0ntSp7JFfVcre/smhzE=":{"valueMac":{"type":"Buffer","data":"WS/eX6HwIQSFHV/EcwFvR3YSl1hn3t8uzDm36hVKWNg="}},"gr5yvKNzRZNeZMM6jvg4z2SPna7f79ttz+nlwGiK1pM=":{"valueMac":{"type":"Buffer","data":"yyRo22PCrNDgEdeOdvDdSMT2K29VYCeIpoY5YMcKwr4="}},"SDjYI7RrSemOEUAuyanXcNTrWrlm/6r7Sttz19JYHmM=":{"valueMac":{"type":"Buffer","data":"Oyz/u0O6E1xcfDeWBW1rW4vygDnsrcMNG+lKvnWvudY="}},"PcjhCLROZSnZ0WAoQxFXwERKU3g8PZhlQrvqKd6KSmg=":{"valueMac":{"type":"Buffer","data":"6eeYNT8IUeDrj37HgjoGeP2LDfQqirkBMneAvSX/vpA="}},"Xi9z6FywYM29idGWSleH5PMo9y9KRK69n2N76E6dEuE=":{"valueMac":{"type":"Buffer","data":"3knhJ7MmfYQepTFXFI+r0jKratlgExEm2LZGSSJzMO0="}},"fmj72Nmgr8OVupbt/gecmgD3+BQmyw4ggEy/tNQmKLM=":{"valueMac":{"type":"Buffer","data":"4yJLStSvO6G1hBQ0VJeid77tsSELjQqvXVOjmM4ZmsU="}},"a6KPOHjLgPXBLggiCQ0NrMVE3NGIhQrpqmp1WkGBkR0=":{"valueMac":{"type":"Buffer","data":"CHrLIoDB7VHr4nPf6rILtItYO8azSA8gDomo5qqpSDY="}},"dF4OL7pK2Vjzjz5ElR+i9Z2kgmNdtdkPdwy9IsaTbLE=":{"valueMac":{"type":"Buffer","data":"q8pozXYA7lQQ2BpU4bmX1CC7sOPVOyZ9H8SkhvLtf3c="}},"p9Qk1qlpz9q3nuPFRe1O+gBV8ldaZeKNfL9csXPwggQ=":{"valueMac":{"type":"Buffer","data":"P1d3anR7Mki1uxf+IJucMXwXkJ1Nnht90dQ/nkNXfEg="}}}}