{"version":6,"hash":{"type":"Buffer","data":"v6xgpXZEMVz+ye+dOoxprrCQ7qqU7pVFNs8sfQMm4h+yju6cDLkjJcytR+CsNctz725umW2iAgLVPCqsBskoH6voF2Y4E6mbDkQmlYbDVlFP6CdUw58uT+HvyJlLJl/Su6YJfmXmDTZ4TWR4zz2UyWLZJVyvjtj78XFQPh+qxCU="},"indexValueMap":{"vcw2YtWIQa5stIMlsjA4Po3h1DRyoMVwBSUAhFqkF9Q=":{"valueMac":{"type":"Buffer","data":"0EIG2TNJElVggegT5wpM93cA7eFHHUx76n2hSlr+7Go="}},"bfa1l73+4iJMA8lFCiAlSNQm5Q9RBJkj6TSv0H4l+z4=":{"valueMac":{"type":"Buffer","data":"5M0KsnH+m0mVbmBBIyzZ3CZW1Z2wISKik0WZF7WxuS0="}},"cMche91f7367lwKXCNuyx2RN3xrbJ7bWG+Dp95zXOR8=":{"valueMac":{"type":"Buffer","data":"p6S3ubF7VtSFODBiWvUESEkMyS0TR/+/UAHdhBXIId8="}},"jeqHp5WmHvrYutCIoE9YRMNRO5i5OxVguhaHq64d968=":{"valueMac":{"type":"Buffer","data":"xm1h176Rf8a2eMOhtRr0aar4leRTepyfFjRZRMyqQvk="}},"HsRnzFz6YuFQbmxr6Ae8Vts+PtHYo8pcJhD80osddt0=":{"valueMac":{"type":"Buffer","data":"EeTrj6GHTKVzmp4Ac+a87dau1X+29zQ8xjHDmp075Yk="}},"UdXMA6qE4jGPrYCxnv272nsMRN/KHkiZUmw6O0r5hH8=":{"valueMac":{"type":"Buffer","data":"LIWH5Jrkhi2zyoAQki9IU9RKpor3VxC+EGm9Eu2ZZZs="}},"qz65I1rezvFf0CzOBzOOt4cgPbXr2nvW2xWhdRj+f+w=":{"valueMac":{"type":"Buffer","data":"fi2GclcLBL6FtfgzO7+2U6BkrkFyk2o2nz7xLUI2LMc="}},"Oq/xoZpj2BFKADkAf+a5vnttxAP2eEGNLrsjNCg0Maw=":{"valueMac":{"type":"Buffer","data":"YwpKrYQgfYiEwTblhyYGgF3iS1CcfOVPBVsjdbHF6Ds="}},"CuuOY93eS+BPY3KSVQbk5UnLQTw73MFDZK33Ow9Bbm4=":{"valueMac":{"type":"Buffer","data":"Pduu3/C3xCl+ARyFu140nfHGxt06/XFA+ZI5RQYtk2w="}},"9nn3336IxtTbKYPAti5PvuNfyoHHZJDrvtXFWdW0iWc=":{"valueMac":{"type":"Buffer","data":"3kemvfJ/chcVRbFI4uZiem/9Q3DLKZJzM80RfKaGNow="}},"efBhRz1j336Qif09ZX6+K/DMIglwQMbU9Hsxtc1YOwg=":{"valueMac":{"type":"Buffer","data":"YOA9eVYQlw8yHQ1EJXZV4LvVRPqE+3qgqQvz5LpaOk0="}},"qdeyCZrWAyvneWXF5BU5BgwIfSjzJjXrZ4NCGeKQd+E=":{"valueMac":{"type":"Buffer","data":"hCxpQcqvcowvdpmTg7wRXt1oHGT6/qrpepLlNwDq37E="}},"gViCbbRQY4JWLrkAwY1GQbVtYVYcofp8x2bYnYB/ptI=":{"valueMac":{"type":"Buffer","data":"nZ/pcafpNTrwoKfUppNO8rJlMu1m1CK+wuglqSxQtIg="}},"4FPVAuXYzQGZsE2WtWUfw0LiqcHqtyWHv8NlhTByaas=":{"valueMac":{"type":"Buffer","data":"jrAAVLQccSkbd4sEEr7adRlhDAJ31sOgsht4bkw752E="}},"G93Ok45io5Olh1vOD3stWiE7i0OfSMZUMNPYAwJQwwY=":{"valueMac":{"type":"Buffer","data":"Atwk6FILKEA5QKqoL6YwCxDRRcO/2Lkd5g2TO/2c8Ac="}},"VNXyfPMP7rs/NM7qG+JZt8Xyu7FKV/d8aPStAt+0lKk=":{"valueMac":{"type":"Buffer","data":"SNf4P+SsKqq2KXcWKdc7bvNZSjc4Y+zv/udmia51JC8="}},"23co0E8rsR6woVUS65SWT9b9XEJKqyUh12CFy1TgXfk=":{"valueMac":{"type":"Buffer","data":"kSbE/mn+TbfPFqOmyXnTNZcthLwjKpbZ8/zbiZn2tzM="}},"k/6jWjkkvm+l6zzHndLJBkQImGTF/uYc/4cc/vtMcy4=":{"valueMac":{"type":"Buffer","data":"N9V4xm2BEi44ZktTLiVHDFoQqvirbII4BYgf8hBcJmQ="}},"SmsJWeS+X3JEq9a8IfaEh/yd5FkaeclSR8KPgwxkh1k=":{"valueMac":{"type":"Buffer","data":"iCVPEBWPSY76No5UDkvwkm9LgLa4eeik6n+4sr/Xoi8="}},"kzOVOmv1abKAiqi5/kl5gORFU1KSOBu7ivmLWcBKz48=":{"valueMac":{"type":"Buffer","data":"xEUeNY4LpYK+zNzXhp1whEi58ahdO9rNGFyUxwBBnQY="}},"OLPCLvi0KNmK062Y7R4dx0w7mz7nFeDE18dFYGx0+ME=":{"valueMac":{"type":"Buffer","data":"dZeaPTQjyiwgWl9H/aj1tJEXtYBh3xPzDUwK7jiJuWI="}},"U0NlgzlBKMdAWp/yYOSohnq1Ix+SFbKErrJMT0yEIPU=":{"valueMac":{"type":"Buffer","data":"lpNK+4tesadhPUUGR6Yp2TKwBHBYiZtNQbURDf6Qz/M="}},"xjdXXh+CY6ucRFwhNAMCr7dDr6ATp+5oK/8JfMKts1o=":{"valueMac":{"type":"Buffer","data":"32vp3I28MGS2jePw2/JEdtY37vhOUF37LzSvrrSz7jw="}},"mAm3dnQTsECFgJ8jsBLvByNFX31s61b7S+SegKCRRZs=":{"valueMac":{"type":"Buffer","data":"GHF/7f1/fybxTtplUcyrHQZ8cj6YoqCxM5qlGXjx8fI="}},"Je9qEBIVA5/KwQST3y4ol0vQA7QDmhZyZpkDb2AvuLU=":{"valueMac":{"type":"Buffer","data":"7WVJ1mPytz1IxqNzkM4znl/5KtwUG1AJdWsi8dOwSFY="}},"HuHwsU+dvjQYqM9JQm1HmToaIdo3TaMp2bYvo6OXJsU=":{"valueMac":{"type":"Buffer","data":"EzSxE6rsnt/BT/giFcwPge1+L2q/5q88AnAmmDYGFSI="}},"gv9P2fqmMAUz6rALD0BE+rKNJiXpwtUQlB6NznEDpZY=":{"valueMac":{"type":"Buffer","data":"277UmQ/TrbCIFeeXXjb9hP7u6tm1Diu2K/5LouLio5g="}},"6T23+T4a3EiDVLS9tD+EG56ZXmNNfwQGpMNedcitxVY=":{"valueMac":{"type":"Buffer","data":"2UVcs4AVL2a/sA73Q5r48V1IrehimBIXiURUPZEOBdU="}},"DVppvZjA0cCR5fTwvUwnIyNuSdkUnQwB/7PIw258RQA=":{"valueMac":{"type":"Buffer","data":"lf7PiZtK3egcXKRf68yT+Z++TIEmTFQNwKi5540r0Gk="}},"khHKOsGHi3/kDPcJOW7/vmLftfXT6jjm1ROlbV0UabU=":{"valueMac":{"type":"Buffer","data":"7J3DLxwv4wZW3oCXaLBs6MS9JgRO4AIE2lNWhus3Ke0="}},"jydJWa9hoeTfBKusY5vIgBHZDHuQBEjTz4wrbx8ifXk=":{"valueMac":{"type":"Buffer","data":"uFmMOd6CxVU3HX/QgUJ6/EZd5lqMLyWAgb3xgM62IYM="}},"IOR7HuPE5NlIT9dRE2RuBhBgWrHpEKJfflsNlHVvcxw=":{"valueMac":{"type":"Buffer","data":"gOuqrTKZKgxXWvN4BonE9K1Mn1wRP/CSlqSwJGdvyeE="}},"5+Nntmvi+pB2cvsiSreRy+2B+HROuGPsmvvugRHtp1k=":{"valueMac":{"type":"Buffer","data":"q6SUtl2Fv50X0LFYYHeG/NaSjSSnkLMs4L7urYvGPh8="}},"SoKjnsuLhDolDCUZ6iuqK0HuyhGobwAefm60Vq45xFk=":{"valueMac":{"type":"Buffer","data":"/8hOMs1adItUgXF5hzhx/q86k3L4M2wjZsqQ1F3ebkw="}},"IfPDhRxTa/oxGUz/vuiQJG/BKilGQhc7f3ODIeVJ0co=":{"valueMac":{"type":"Buffer","data":"neXX2f9lVLQmCCYqKTRMnVsSFz+XKD4xqiH3JPkOdRk="}},"LLIO3Cc1N5ntiPp7jxPQZqI9liNil5MttqOwgTSbHP0=":{"valueMac":{"type":"Buffer","data":"K43lyqDeLMw2YqEPYf2NgKt/15o6aFS5ZeEGiV2J1E4="}},"le47gv+TecwEvR+lkGnCvKC2eWdP2riUdwmER6C6ibA=":{"valueMac":{"type":"Buffer","data":"q0onSBmeo5m906f7bgfCrqLQ4gNHLNQmF2KbRNI8x6U="}},"Otoaanq6XrCdxtrZjfxzRsjiHDJl7L8kbhzmBvQzF/I=":{"valueMac":{"type":"Buffer","data":"nrVQBIS7waw5gLyeMkOO1i0chQo5TeITdhazw2sgBW0="}},"3i3CDfP04AFmRi41Mxan0B9IloFTnKC95rbKkkc7NHo=":{"valueMac":{"type":"Buffer","data":"hMpqgTTs3OyUjXmiyYvCxazF0zLP+s7WZlZ2uJg/sTw="}},"tUMdwwSRYZw00+RSGapkKy9Nb3PT9LKO9AHQ9xMwDfQ=":{"valueMac":{"type":"Buffer","data":"O49zt88ZD3qjRD70y3kq/Ovwq0Eqw1sdzctzs/giSjU="}},"1VxPmND3ZdmOEXckOVRQmE3LjJa10O6WdmUYky6z8LI=":{"valueMac":{"type":"Buffer","data":"Zg9JJKbwLi/00PSiwHJBXdyW5FKLSkYTNSxHgVxJQ1k="}},"nMRtmki/LPwUwtqlcQa1BwJ+mD5uICIiMRUP1nNONzo=":{"valueMac":{"type":"Buffer","data":"iNZERMyW13vk4oT6mHd2OLzwovkq9j8p8K1sLUe23u0="}},"MmAqcdth2Sp7EQ/cEzRyBGEX8lRB2hBLr7sQ8Qkkdmg=":{"valueMac":{"type":"Buffer","data":"4ijg/qsHQNs6W964du+utpOtBzUwxc7wurgyos5oaJM="}},"TZTGM7XnAuer4O5HW+7ExSO9J2pxzKI25AtMABgL/S4=":{"valueMac":{"type":"Buffer","data":"vAAeIDVsKmmdycE4NqV301SKxhKT8QwwKzMbOGGYljc="}},"VwFQDp76cRj3ZUYLG7y9CcXFiXtlydVf6DfymGRK1hw=":{"valueMac":{"type":"Buffer","data":"W3M4UtBV8KQPWzTHtycfi94keNw90oM1v4+D3k7RjV0="}},"EAb7HLNAsVqlDfMkRLdjBSwApHUB8Yf3jKic/3i9u/Q=":{"valueMac":{"type":"Buffer","data":"Z9Rhxd43Rz6JCLWVgp0PAYLzwlWliUPX1sPiBUUpGFQ="}},"cnRY7FAwduNSKIURWLOo1hY/rwGQ50g5JSAnJO1Att8=":{"valueMac":{"type":"Buffer","data":"QFNFucHDx7XZAr2qVYIDc4e9gK18ksE+vTWd9BWQewc="}},"vMyaAXFz3D86FcEZgOfKIm1Dvn29If4bSy0PeLf5WPM=":{"valueMac":{"type":"Buffer","data":"E472YjXesBelkBY1UUVSJLeLqCxfoCE0zSRHIhSwvMA="}},"VJHfwSv3R9maAUgl4vzI3WbpBeJ420g+3NcTDTfTxPw=":{"valueMac":{"type":"Buffer","data":"ACQRttGwkXBctrP5ir1nVG9vh4EUvA9Erhb+FfRL4Xk="}},"Pi9G2kCTjOqUrk8SLq4SRIHOXnuchP1y3bPn6vuQzb8=":{"valueMac":{"type":"Buffer","data":"RB8KIOe4JTreuqKgCbiRVnC2lykPNe7FiL33ZsRy6X8="}},"OUL3RhKw4+qDKpjoPhLK159H+f+9Rm64+yMHNC+25Hk=":{"valueMac":{"type":"Buffer","data":"OF/f7LcaEbHRXKYPD9YNFHFzlQVUfJbpzCWBP/JWbIY="}},"LI7tJ3jg2+5WeRJgmkuD80NS2SJcPzD4i/oTnMieZzo=":{"valueMac":{"type":"Buffer","data":"2fuQYMLdSQNHj8wA5bqXCiUx8ZnGpCbQTY632cFN1Kc="}},"nYIeaA4NDxJZVdT8oW5RHznMWOhREPd/iSIKCCj6quA=":{"valueMac":{"type":"Buffer","data":"2dayYou8cNgATcZSiyVC5iIzYZ+IFtZLpMYxVEfWuwM="}},"UO0Jgpe7VU1hO7TD3T67RIzeDN+c9RPChA5Bpk1bXQ0=":{"valueMac":{"type":"Buffer","data":"5j0CmKC2oZ+lEWNwiz3VvZabqIXywiUtRjE2IzGlxzA="}},"wsxFGODldsyXJ3d9bjWwNLB69s+t2N4KbvEkLPnyv94=":{"valueMac":{"type":"Buffer","data":"rUzkmUoSfqmHGKvLscT0CIp7TCDqFP2IwyJY+mCbYco="}},"cN2IGfvYo4uRma06qb6XGyNRqpxamFTP+HK2qvcFagY=":{"valueMac":{"type":"Buffer","data":"w5/zqbpcfZmYHGt+2yJZqbqzB91JWQqa0GhKfcuEoiA="}},"kQ4rATeXbZ/FJcHFdoeKtMRlDg+iEZWYqDgg/O7DZic=":{"valueMac":{"type":"Buffer","data":"bkDDuRIWy2vgSVESSBihtFS/fNgoV1UA3as5XXOylU0="}},"187RC+kShI3a0sZOZzIuhNrlE5kbEX2YNyDju332AKk=":{"valueMac":{"type":"Buffer","data":"e7j9kmX1Mpk7VaGjys3kVQGzkRWzKDUGLsPalnWF48A="}},"iadZQCFmNKHm83Adbq1GIwKVA7oleLjGegMsafpgR7g=":{"valueMac":{"type":"Buffer","data":"Qk+6zIYdP23hVqmfXWtEIN37Czihj2i5A77LLzUCNwg="}},"RL134MUChLl0jQDWy/hbRedhWXS2uDHgSisbbSoBUm8=":{"valueMac":{"type":"Buffer","data":"g5fTzrC6jMlIQ8DM34zyoGvuqCpTCDC9uLepsGnqNxI="}},"OGsvWOrrCOc7HvyUQm4/SwYuaoRxCq+h3+1GeBMBwkE=":{"valueMac":{"type":"Buffer","data":"j6Q1X+wQycBm+UOM3vqysKZDvRs7wpl5unB1YSRmBes="}},"zRVWAAxm6JI6smpDLkh5crxUiawxMdyyOQERUfA+/ng=":{"valueMac":{"type":"Buffer","data":"gXh1osNfY8AV3ILeHQ2BpJN5gAT6SZMDirAQG2qihl4="}},"U/Piuj2OOs/9aQvQwAvcBCvsgiLFaonSJshf0tFcBS4=":{"valueMac":{"type":"Buffer","data":"IQxRquqsHYzW1NrM8cSA0SIZlZHXF7Grdq2RPZ4fvD8="}},"0ikf5mxQdqUtoLUorjWEz6OG1MEcZXr06C1WYw8sGQU=":{"valueMac":{"type":"Buffer","data":"Jgprj9DIAPrRTlJRAk4FLtMbc8f9rHj6rzo2Bq0ZtgY="}},"1HBotKKKW+tKN2GuccnIrWUuXzbWKqdHcUSs8qb6AAE=":{"valueMac":{"type":"Buffer","data":"86BDFP6dPkbTQEykEJdxCtLa6HxvxJam/GoR+kJPFgM="}},"RPeRbp6TBr9oSZevjdoRWIadCYHKTfzh74h/+0X2EZA=":{"valueMac":{"type":"Buffer","data":"lDN1EWfmD1FdCFP0bgU05OKKo7aCBL47rwtDGj0VdP4="}},"Rk3w7NDzkT+5FrzghoR/kdlApShhdpEpZ+oqf71ta3U=":{"valueMac":{"type":"Buffer","data":"iZjuvHLE8CWC6rhe4xgGPtUJh6FMPjZ3yd1bzGDbfow="}},"RX2AeC511zuiuuhJVsGGKNmB5yoLpTDRX/4frT8l2QM=":{"valueMac":{"type":"Buffer","data":"D08p5RZ/0dxFRTuabvCGsMXsl3dz0rzgVQ9ZtF/zMlk="}},"D4aN6g1R0965FplzDyHOQ/UerYCnOQxLU9KAkrq/410=":{"valueMac":{"type":"Buffer","data":"kD17tIlKmrrwf148eQTXo0wSLPzzcPmnQdHIUY/ypiY="}},"uuyBXjczXIzbckaXOpTtsMkd1KNwro+xOcoiL6AaVy4=":{"valueMac":{"type":"Buffer","data":"+MLdzv+Au6O5ElNOBWDUlQ8Ocp3HzjC/zDJI2ENjpNw="}},"G8a/lucT8npl3WkQjEIflnumw2dyckDgGMshTIOgPio=":{"valueMac":{"type":"Buffer","data":"xuWE514TfIIRvuxqnCCp/w/hiRkouIx77CIdwemWdVQ="}},"rB34TlFYY772CdK9nSeT522usbOapXfBYfWeYMmt/Tk=":{"valueMac":{"type":"Buffer","data":"TDWxIxIT6ffIdt4mHHPWPnEyD9/nLJUcYjccJ92XchE="}},"VcOU5vt/vPWxwpLBDHeG8EHY1T4ONxhXF63D/vquYJ4=":{"valueMac":{"type":"Buffer","data":"FMSEcHo07pwXfApOCqb8n1+RjPto1/PJcOA3s14uVdU="}},"N1ApOrytI1nO4O1o7OmSRN00coaSJlwlQmS6Cd3kRl0=":{"valueMac":{"type":"Buffer","data":"obPwezA7aJ/MT+eG0uwbs9i8KpSfuxctUVgUaCX62Io="}},"/RdjyMNDUfdqndJQFtV8R4vQh4sHMw0EmZHu8dcKcnk=":{"valueMac":{"type":"Buffer","data":"JvJUDRql9J9nlL8CzbiLPo/wske3qz88EWIW9+riNSM="}},"sPBJIdm512fHdDMgM4HpVkgsyM1i0fJ/LnxQfPZ70Ow=":{"valueMac":{"type":"Buffer","data":"/aDbsyNTedCMvOpD96dcjutxNUpNJjA2azALmKl99hY="}},"y0Kzp/3nPOrIiMl1ntRsaZHheET228BCCwYr8UvKk84=":{"valueMac":{"type":"Buffer","data":"P6t2M5WzkjZoKpePKbOf1A3LF5n3ZCyrTW7Iy4vuTuo="}},"7v30EV0Ec0muN+xinJg/l4F+tUPbPTzV8JbJn0q94Cw=":{"valueMac":{"type":"Buffer","data":"VUkwskndpD8MC5xMghc8L+kCkicCv2hBQ6gB7/jKuq4="}},"wX3mF3z6bgcAUT5EhSjs8SE1kFNxl/oZ2gVB4s2NLig=":{"valueMac":{"type":"Buffer","data":"Gg/aFdkLbq7EcAA77nzCDud92S3ELh/J1WC78XPepgc="}},"At/PYgYYDEz+DAzbODALd5IIZqkuq6Ouh4zyEQfxU2I=":{"valueMac":{"type":"Buffer","data":"/wEjj3ouJwieK6kyCVzcdJkC+XacSVQvfUfuAiZdFTA="}},"9GmaaEvEsYEKeG9rvuenuoCV4zLEQwe3RaniHdNie7s=":{"valueMac":{"type":"Buffer","data":"fNa0erCeMjOqNsas5o11y2aTydj/QaOR5yFniCR3wWc="}},"eSTyFSQC9qKZ3g7NUKmXn05wgq0w6UVOrw6qQGFD2ys=":{"valueMac":{"type":"Buffer","data":"NuWOiCtGXScIgs1X3d5+U7NVDIjBGKtrZpNrXBfNJq8="}},"q+ZbC2yBcBsC0t/JbOP8JRiu1JOtxoU4rH0AWhctae0=":{"valueMac":{"type":"Buffer","data":"535CPDynOppdD/RFJ57ElyE3ujOba2ggvefgjG27TiM="}},"/1GplULAf+RMooQzLe3DWOuc56TKic+8Hdw+8Enxbi8=":{"valueMac":{"type":"Buffer","data":"B3gscAlfV9bszCJE9PpaDUXjk4mb/zZ7GJh+pXUHSLo="}},"gSi5GZ8m6VloL9wUNITp4GRlOyrtHX9wKDhG9OHwnAM=":{"valueMac":{"type":"Buffer","data":"0bdazI/EC4JzSVFAt4nxq2k5xLixBJ5SfwLwP1EuowU="}},"3LErhQ9oRSy5sukC5RUKbCDV5X37fgrXq21H0AeTYkI=":{"valueMac":{"type":"Buffer","data":"rNGBEQx5QaV3uVhhpP18GJsMEw5PNQVvafa/8S0NAA0="}},"IK7D9be9/u8YuXMkjbqAJQ2gRVs9rctLwxex2nR9BMg=":{"valueMac":{"type":"Buffer","data":"ejm6t/4yi6yABLv6Q1ARWiMKk5hO/bwKLGSxoR3+T4k="}},"ZQlOsfV+x4L4g0ok/vmmJnPuk8B9UNujeH8Mp4KRpPE=":{"valueMac":{"type":"Buffer","data":"Fsm8AeZ4jbEs1zSDRZ9DdAtD9+VE0BPOU1cmOfSFCp4="}},"MwBRXdiKfQI21oFWkrIczfkz2eCDRjXiFCM7YQ6Hju0=":{"valueMac":{"type":"Buffer","data":"4bhkLkOCHmbZOam0MBLRJYX6mdaFyImBjytWpzBdj1M="}},"qu6BCxzVJnenSYXgpRrdVONExQ1jq9m8PqFFQJZp35c=":{"valueMac":{"type":"Buffer","data":"39weA65ygCHAp7QLs0W3NU4NhxjbFLRFJXqboiyY93g="}},"WZRLXIBAWS6M3YJb/E97its5aAhKdQOOMeQsflrRdVM=":{"valueMac":{"type":"Buffer","data":"zFLxVz0CJ2jc/zZ0vyR76O8AsaJ7QcTIk/AEoPtyMZg="}},"JGW8lld/6MQmdriipnYD+XHf01USz+aiJvecLkiewJM=":{"valueMac":{"type":"Buffer","data":"LNpXGW9S0AZs1afpDaJh7i+BYLf+mUvSZWTKBGn1Kko="}},"9ersm3fPhyynnKc2cDHyfX4dejg8jvtCQt6Y2jpsFxY=":{"valueMac":{"type":"Buffer","data":"calkAut3drbkWsFN3zM+fNSWwFRgou50oZJVs6IoOsQ="}},"dmZhpX1EfKI6RLwzMjH5pmMUJyksiW2wX0bVk9DdUDI=":{"valueMac":{"type":"Buffer","data":"gmvBvnK2G3dubvM7m4X86tTfULSBkZxtbB36qndMF4A="}},"KkzEeYc/2+3Nn6HjwMbWhJCefKkwCU9tkO5OoTdxHvE=":{"valueMac":{"type":"Buffer","data":"8bFkoUqPeqbOAlubNqw4rFnnCk/JBWsSbo+2i1NqsEc="}},"VmVU2gVl57Nusvz8mCmfXOjgubVOOJweV2VqrweEHZg=":{"valueMac":{"type":"Buffer","data":"vEu7GWwNtfBaAPa/qJfwjX/2WlzunQndRyQm/29YV/0="}},"kby6vGxKAejSemdRXbJ4JOekNHM6qvhnioaU9Z4yQyU=":{"valueMac":{"type":"Buffer","data":"O31kg4ow7Jf/OjvXCG7Xmtl7CsGbhxrZIYnejesLLJE="}},"6wK8WLxvZfcS95nZ0TdAh2Z6MH6vdiRw54qm7MM4R9g=":{"valueMac":{"type":"Buffer","data":"KD2UQUlV95exmvVCvhcyOriQRZf3RGIV/uTzMkz18Lw="}},"HqKswDRT1/syoyjUGycAANPW1gkIJATaiUpU5Yewve0=":{"valueMac":{"type":"Buffer","data":"/5NR5zDMJzFcRb/gO3T4ExTS62FFz9gq9JFJDaG3a9s="}},"+W7Kf8yAuFZQn9a+/H2Jiy2Mq3/+OBZ5v/Ykj+HFsl0=":{"valueMac":{"type":"Buffer","data":"bgDEbXdqnl+wZZGeymU3RqNXHMBkPHZlypCIbsIiQYE="}},"5M+/KSdndSgwL0F8UMV4Xx7bAmSRPEwln+h3VAhh0oU=":{"valueMac":{"type":"Buffer","data":"lTwJJ1NpXVpZke5LfXQ5EIAD3IpI4QBOkhdOpatakp0="}},"TM5XfvvcTxp99iGDhwbM0lL6HNniPiXhngpY8YC9Nus=":{"valueMac":{"type":"Buffer","data":"3FT0YV65ulxDtwmNmTNwweWD2DzLxacBhiKyqCTf6FQ="}},"pIkVpvNLcjcIkjfD0eY48Er0ekGwroV8AtPRSU55zjA=":{"valueMac":{"type":"Buffer","data":"tmxjv1eg5b/Ec2jTW2wUnMCw6a1IOAfz8LjBHIJou+o="}},"cNU6azHKYckdzuHmoHH0Tl2frPeN/h2FKYW2pVbEu8Q=":{"valueMac":{"type":"Buffer","data":"HzHeEC52c4ggoLLxxrnfNrHntx1vvLcq2oBYaXtZX6E="}},"6NP/La1miAuf6vIyEJxmk1oy8AFZH/Q/iJVJXXq9Cr4=":{"valueMac":{"type":"Buffer","data":"40NVJ8Q67eN7pzRAFW+NKIobkY2clllDP8e62sX2iRI="}},"Z59gg+wzm0Yxkv3JRsLfeFHlGXQs3j3aBqCwJSKyQyg=":{"valueMac":{"type":"Buffer","data":"6iJWJ7tAcWC7CnkvBoQ+N3B3HKnA1GSli8EbD+W3teA="}},"mlrDzBzobrh0iyBeTYLEqFV1SPJRTtBmSbO1cN8edhM=":{"valueMac":{"type":"Buffer","data":"8phkq5i9MvmyiRINdA2fZNZo1PH0lMdWybKdj2eHCuA="}},"5V8zwNXSvPzCaH/wNAPnIVpBteOZ/xGUTVn3E/Vf8o8=":{"valueMac":{"type":"Buffer","data":"83818sk50KfigzH10m6myTnxxxCBE8Ms6no0r+Q8lNM="}},"V/4ElD6y0OC3fT2L8Oowq136uIiYiinNoaxEUdLFNBk=":{"valueMac":{"type":"Buffer","data":"cYV40DLgopcQ8G1eklABYOffSs7bA824B/qKp5d1obM="}},"4+ulG1+SHAKD6d+Cdi9C/5OnuklCOf0VoaXi0VOASzU=":{"valueMac":{"type":"Buffer","data":"pnnpD+SlCRwMzlNKuzfjMq+4g5AJepQf/lp1nvHjluo="}},"PHzUr42cKhqeDBfPdFkfLA4PHnOpkdQD5eXGxmYWknQ=":{"valueMac":{"type":"Buffer","data":"YV0HZ49DBlluXptFP2H30ARkiHifxfOkq2q4vumW6dU="}},"gDJOrtIATRP8vWrjX/Wx0IlmeBHz1gvjh1xmhc6QYdk=":{"valueMac":{"type":"Buffer","data":"6jwJ5TlPvRrlRP9CSevUibcbskVFWbd4yNe6uauP2xM="}},"r/h+YVDmdy54ItuNWazthUm8oPrs2Yn9gkL59eNol7k=":{"valueMac":{"type":"Buffer","data":"6nbIPXbvfJbQpKHVVlq3NDLL2MGB3zCMgQ0cwewMWnQ="}},"qfYTa3rHMi6kqznp9UuZYWDHQlPoIyKpmvx1OAkZOH4=":{"valueMac":{"type":"Buffer","data":"hlw+jxoEZdZc20J/h1ZNRDIs7eJR4PWsVugJRQ3ywK4="}},"CuLUW9x/sOKi8p9MHY8MvlTL5G9nHnEMX8PwMxr4kY8=":{"valueMac":{"type":"Buffer","data":"qoQSlytXE5yYW4aGtTSWU0vFmZbERMF0szWrEHToisY="}},"xjhdw74WhwBUDYAcuJxNXPdWj/zEEh7eAAILiXz/blM=":{"valueMac":{"type":"Buffer","data":"dd7eAVycOZEukM1OjPXQ2K19tTy42qqiatIAloqgihI="}},"nhu3UgWLheVCCN/Yl6eelk86xWtFOz5dgtq2JRp8HRs=":{"valueMac":{"type":"Buffer","data":"y0PNqDxuYepufqZlSH7sd7kb7+siE2li6fERPD4Q4fU="}},"NIZ4TMCExPTNkeYEFTbVjz/trOkBCdro0GxylNwGURI=":{"valueMac":{"type":"Buffer","data":"egzxu/tphtSgFrtW4870Vymktqe0VYJi88g2wWqMkXA="}},"Z4PMsVLSQ4+B5ncRRT89bwPsgCoTX4/gB6xzGFvQYmw=":{"valueMac":{"type":"Buffer","data":"/AP2kd0dlmG05G28oFqYyZIcwoCBe0XtN0QqMx1sG2M="}},"H0eblWXZvNRG8kKQcm9UDlwDjS0IFMB3jQiK0JShHHo=":{"valueMac":{"type":"Buffer","data":"3EBChiu0Y9ZtQQBY7LMC2JX8SWzmDYeaoLbmXD+7SzU="}},"s3FjFnjdiL4IK1mgJa2/QS6zAbl9IId/YIZW46EqHJM=":{"valueMac":{"type":"Buffer","data":"ZaqO/RYHZttplCaj/XfFyoqf0kLlspyJEgMHkba0IY4="}},"1A09TyLO9UGqKZuSU+nwqpeSEpZg69b0ydUbKqvz8UM=":{"valueMac":{"type":"Buffer","data":"MaTLiF7gpNAgBdsKR+p/eR2m4rOJtutl2BdN1mTE22I="}},"Fwm2TCRKhxuAMJttQYCqeThEm3PQZupzHRwVmvC0voE=":{"valueMac":{"type":"Buffer","data":"PtJ8CJKpYCBMqH0Ar/9TSoyYrDPp5Y5H0SpPVxSmUY0="}},"yqm3owTsbJaBMTYgJPUrbeEn+nSgYxvPXTzJ0iWKjfU=":{"valueMac":{"type":"Buffer","data":"ruDolJPE0A7JNJyjYZGmgErtM2SHBKJUNapy+xJvloc="}},"KrdiNK+cIfycqfyKaOnewwPmnra6U8B4Rq82eC9WiVY=":{"valueMac":{"type":"Buffer","data":"NTZrB+/EjZnGh3hm5YIwohbRp85BX5d/yvncDSKIfFU="}},"lM7n59SE+nfdSg60dMb5VUB7k0s7F81r3I00Us9PuNM=":{"valueMac":{"type":"Buffer","data":"N16v/7jmy0Hl5fj0Zy9gY1IPgVjH0j1pnyFCm8ATkZQ="}},"CCLX/wTgZmBGtkMv7L/w++FYu2tt32dbzxDO4TS43w4=":{"valueMac":{"type":"Buffer","data":"1JcEHWl6Tvn9GijFRHRvk/oUpbwZwD78one2N+8cNQI="}},"2WelgWfMjM2v8Upo2epQAdJGJz727mcT1TNxuZFf6Zs=":{"valueMac":{"type":"Buffer","data":"2T5GcpYZs2nYsk+NsBnQc4TbM6qjX8SjcLgXlFdCJ68="}},"zlnyI9mknfzKRGq+W/vQjW2d4ztPqN9nKbkSQKVP6P4=":{"valueMac":{"type":"Buffer","data":"bTZKOuRdBaQii4/Vz++s/BzBpdvJzfaw3qbGzsgrQ38="}},"dEoet3myJf+IB5NHscpsIOoZt2G10y5xobq18pAmbKE=":{"valueMac":{"type":"Buffer","data":"Hr9vBjrLPJfwK002XvziSn1a9ME5hjgco9+uXudF6vU="}},"g8QLObAL8yaJrnLXoWsKmr9kHu4FGUtTkMnZJgJ8tVo=":{"valueMac":{"type":"Buffer","data":"+anj9pPj/t1hMvcYNKRQtfmeFHV6x8Fnp/kvUPju8zo="}},"GSjrvkDOGvMZAZCRz9AADIiTxEibkDZqyHFD/xGoDi0=":{"valueMac":{"type":"Buffer","data":"HJlgC/UQ+LoCrXf0YTfDS5ZEahVF4d5+2DXgTOhmQk4="}},"9QAYSATNgzcYaQun0uGeUjkZyWCuJs3HpBGv+vkIwJ0=":{"valueMac":{"type":"Buffer","data":"uOjQk/YVgbSRdS/GAONyhEgvnvHqvB3CexrzjGxFvf0="}},"PoDxHFni7efLYjWlRKuYd7mKvBqf56G1QU1wwecI5F8=":{"valueMac":{"type":"Buffer","data":"5fWrSBSw5jRrLv2+A9G0H2xvFhEU+TnAjo9FAVLo9ns="}},"r4lP0uPqEgXWf3g/Z7nK21PGfEQDyqjPLENU4lVmdIY=":{"valueMac":{"type":"Buffer","data":"ByhvYtaoMXIs1lBln8C7MJeGbeaQxYCgJZA38Z4tkCU="}},"L1/tq5yvp6QXw7P7sEUwUq53iQQh3Yu/S/Z2706gh1E=":{"valueMac":{"type":"Buffer","data":"Nogns44D44DABZYCXOdZEnGoGjMAv8xLN81d7XBo6bM="}},"CHfTP1YIkMZo5M3NOCmICvr7aiFBVsVw0s4mb8VaWa4=":{"valueMac":{"type":"Buffer","data":"b7G0Nz9B5dFmcWt0DkaL6Si0kSOzZk3xCROyDRL7WIY="}},"pKNpf9JqbSMJp7yEOsNumxqAdy/wFA6zIMDiRpHnkrQ=":{"valueMac":{"type":"Buffer","data":"ry6ZyHUboKuTUO7iM8A6UZKjejqd4nzJ6RV9sjzleyI="}},"qG/2euWJNZeywEtGm5YgFd6+2HaudKohpDpVh72INtE=":{"valueMac":{"type":"Buffer","data":"GLTssVICMKoyWEVjKgS1+kcGDDlFeOyAsJj5l6EyuSo="}},"5nzX97J0t/zX35qV9JW66yRUpre4mib5CfaCz6cy97Q=":{"valueMac":{"type":"Buffer","data":"1ndLU5OoFezdBOgpugS+GbqKa/KMS2FYRcsON2U1JH8="}},"SKrGrFtIx+NvLJ3EBFQmFC+Yd6/nReDg4B84XdafC7Y=":{"valueMac":{"type":"Buffer","data":"Mx5F0h5W8mqqV3U9uinqrjVUcacFOk8BqH/p02l55dA="}},"HO6Os8J8j/ukL0UHNFfDRSWAcDInvcaiRnWmIhqQHUc=":{"valueMac":{"type":"Buffer","data":"2nMlsZVh+8satZ5/0SW0VEJS1Hx4Q4O8MZKy3pHndOY="}},"/Hi7cAG74Wr3EQiy1CLiCyEAfEcnKEvoeg140SasDzA=":{"valueMac":{"type":"Buffer","data":"SEpBz9LleJvP66Czc0OtpVk1LHbz8/CL2OZnwvZmgnE="}},"A4BihODc0J2y8lgMlWjWRTnuZ1Xanrd+PhdhBZFg8i4=":{"valueMac":{"type":"Buffer","data":"jLnurbb9SbfGVWc6I6PQjnHtoV8heAjWg4wLW4LObyk="}},"hZ37m0I+oJ3s9UNpZE/5H4yAd1uKwQ27upT55a/LDkQ=":{"valueMac":{"type":"Buffer","data":"fYISvVz2X7mpRXiEdhH4dF/b4X4r7T+p0MQ1u2wCJ4g="}},"52R0H7bjI61uTD1SiUHotpb18JA7GAs2jJG6C8hYPAA=":{"valueMac":{"type":"Buffer","data":"sjjM9Vg840DtmCY4UJPHzpcM3GAq9xVAQB0uG+wkU7o="}},"ELG+mo9WmcgirZAd0TX5dToiAnHIuqPDjD7RrTgmPDc=":{"valueMac":{"type":"Buffer","data":"HRwgQ9b6O71cq+f7JBKJc/FTmDb6qwPJ4DCdVT0Nt1c="}},"PshD7oxvBrXqqZXvHWXro+04h++UQH7naPLm2JX3wJs=":{"valueMac":{"type":"Buffer","data":"nsL7rVGgJM5IHhbzUEMR3YU3matvOlZ69ph2vnTgkDc="}},"Cosuzek9IZ2I/1+oOy5neVXFEyLQR0MJ82iKcLOyFPk=":{"valueMac":{"type":"Buffer","data":"tBLE+XF8CxR7iPaKtvXW9BUBuJwWhS/nVQCHRM3Ao6E="}},"MIGAmcvlB6py1TkNoeDPePdnaZYZfnuiV/Bb59m9SS4=":{"valueMac":{"type":"Buffer","data":"ofrVVkyGkHe2uH0M1jRFa97opgZwAROw3PeNW6AWj4Q="}},"uGe+cjpJgMMwztdWQqh5JYo4e9pN5a+9/C2GM5afJhE=":{"valueMac":{"type":"Buffer","data":"lF6RLBx5ofCutY1ubNs57WsR4sGrZ3edNxzdzEbLFks="}},"azcxYmrlJmaIFDgD6/qmD9jP+DNxRyX9itrloYeecdo=":{"valueMac":{"type":"Buffer","data":"8MoN95JxSokH135Y26pi2SQcmrux3ztGlBsLI9AvnY4="}},"s7HGbPHVOaxBtywrf1O45JdhjJMdGiytW1rGO58P7VA=":{"valueMac":{"type":"Buffer","data":"rDBzXGuxfPD9IpJ71waP7QgnyrwPk8qG3Y+JSN+IzcI="}},"dE4QjP7MEPe1IgPNht5iCwjL34qnBlZ25mdlyH2eU/c=":{"valueMac":{"type":"Buffer","data":"xZn44Fvr7XfHuhwVBUJlGcfl6m7uwCWLjTq3AMOgbKI="}},"V+9tYj7zFvI33AcX84YvMpsUjTcZSVGBTikYCimIBR8=":{"valueMac":{"type":"Buffer","data":"x7TNavCFoYcOl8VDOFOtujEA+j7TDf2O+k7/3uRGvec="}},"adwJUkvIXm9ib6Zfz7UFz4c74Q1e41rYtcQnzRMx3S0=":{"valueMac":{"type":"Buffer","data":"IOLRpTcIKRLHpbfQwSl+evGxn3D2WCPeA0E24EB2hpA="}},"el4rVByj8IGdVmr5ZzCzGQjLFiN64rBVpWrTZAFsok0=":{"valueMac":{"type":"Buffer","data":"NCZRniyQcjRT9HUe6GijEA4jzgBNOe8Mw2v33pCB6g4="}},"u5gfyHW4vTh3Uupv/cah/ifv3gN0ErGTirNy84ogD04=":{"valueMac":{"type":"Buffer","data":"afmWNpaVujdcLEM4qmDFNbd76rN4QI/IBcY2xU7gdt0="}},"o0Qy6v/x2ufPJEJLqrSWHujSqdhDwPxlFHBPk4YnsUY=":{"valueMac":{"type":"Buffer","data":"kNxvoE1Q2Nq0PqUuuvNlOh5KncRWxdxnPoD5kDvTY8s="}},"Mz9rkUi9/jlNk3UQ/kitgWhfrPXn6sR8wzplaYzbPC0=":{"valueMac":{"type":"Buffer","data":"eQqPd1ZLqWc6tKnCOePyfw9FB8tyHiK16P07sYfj50Q="}},"4B1b8inCRoU1x03NpyGpOv+0vvYwPFTGdvPK+DLmkjk=":{"valueMac":{"type":"Buffer","data":"fankq6wSgMLDO7gmCIQYZ9SQBh63uqu2buBZ385U+2U="}},"SK9i+wVre1ggVLcGyEKDk3ng5zTVuKjcLKRR7uCqkgU=":{"valueMac":{"type":"Buffer","data":"kTILPioAxX2msx6ID3ARFgcAJEJVCU1ob95gfv0PisU="}},"30u/P+AUhGE4PtLx3cr9ELhG5bBUC6AniXdifUArKpA=":{"valueMac":{"type":"Buffer","data":"w8YhNgs6AfwdtsVXzLe9Wmis2rLdjC+aHiaSEPp4U5E="}},"h30+EbEhKgsTSXUvL9QZaHxXODK8Dk8LL2S2cr2bfkw=":{"valueMac":{"type":"Buffer","data":"+/63660NYzJ/1/VWcA5B4rpKnDbIYPSL+eWCjqTQZzA="}},"QcMriLE9aCNRf6UttEGN6a0UKKFth22HjQBnmSxNWSo=":{"valueMac":{"type":"Buffer","data":"TYc2u7C6UszaMPasSUMBHCKO8Y4CSqxAGW2jjSuT+XA="}},"4J2tDOHY7pZFIAyicNyU2048fffrKNtBKaQdrG3W96o=":{"valueMac":{"type":"Buffer","data":"ASNyDPY5kS4W0ANUG1ej2CYCziD2ndsSsafJgrpZCdM="}},"ZpxnadRcsftWQEjLBjyesM5WcAFXZpT53msgc6riKdQ=":{"valueMac":{"type":"Buffer","data":"GSBz6sd0j34doMFJP9/5kWQTlPl5PJMcqCReiPVxOfY="}},"xoxHdq8wT1aPt/dOcJOAy1eJ5+1rzGltU/PzlI/g6+g=":{"valueMac":{"type":"Buffer","data":"1CaLCNRnUO08HLnEH79/U5DTGvAC0Q/2U0iU+EHFzg4="}},"45JpRGKW8BUiokHOLBGzmxpBqFBDtFfPfTC4xcdi45Y=":{"valueMac":{"type":"Buffer","data":"TTQLN+othpLC+QvBjLfn6CAayQyYUG8VMxVZdKRpsgw="}},"p3FkYKf5ezk9ASzt6XQFeCcZlSPgSX6hYck3h8Pvgkc=":{"valueMac":{"type":"Buffer","data":"ITKDG3eSs6DMkurO6ea8oDK4Er25OeQCI+Ri4tIKqfo="}},"MHAk+P5qdPF88xMwU7d1Pgn3ZqbvA82aMASB9vi5Esk=":{"valueMac":{"type":"Buffer","data":"BMZFLltFUqCYfBjBmGMog+PwM/tyeD7gWp9I8mGulB4="}},"tCmLVhkaIV7Qydcs8WzwTIUBTCW7ehErY9SNH5fZTHs=":{"valueMac":{"type":"Buffer","data":"aiR+PTvWhlziqCcZUTMq00rHdnaoF1X8aXtJpT+Jplk="}},"PVD4dCtX2RNWZzN2mEGhI3QQkdZg38WlaHv5cZea0Wc=":{"valueMac":{"type":"Buffer","data":"SdWMAnUZQ1u1DJ52l4kA74RdKhawK54UVbYM2nfyLPo="}},"xMuLphUJFISoAbMA2gwHiUaW1wlo0hZoHS5VxBNmzN0=":{"valueMac":{"type":"Buffer","data":"pR+6LAlgdhL3wYuZJJwmg+wfr+JIJ2U03KUV4/4d1sY="}},"7afoQRgNQ5jXgnOSgUG6jPImZA6kHYb6r64hibAfKj8=":{"valueMac":{"type":"Buffer","data":"798xqqfEfF7TgDJs+vR+5eoxbBWBGrWwNp4kDDamWtY="}},"57hc1zljPo/RmDgLiN2pMRFSthj4C+ZcZ2G5ayJSAYU=":{"valueMac":{"type":"Buffer","data":"HMg21zVJ2FhzU415X+a10wNT8gorWLGBN2nPKUyHueA="}},"3MQwCVmyoh3shzz1JltZMzY8t6Wchq/BPfHB3I2J1O0=":{"valueMac":{"type":"Buffer","data":"eTGNBY2ixa1YkqP23SAmJ5FrxbFMiAi69RTjePTGP9I="}},"n/moToG7YFaQ1p8YdEkiqYhE8c0o6ViCP/MuBIV4GcE=":{"valueMac":{"type":"Buffer","data":"umGYi9+XWkRNZ/d5VBhLOXVk7wW8O218Oz0loSSAGeo="}},"Z39QvMdEx71Uz6ev7EEhdZW5Rl5A4lUODmrHZUEnQGM=":{"valueMac":{"type":"Buffer","data":"7g/xB7lwWieVhANtvrv4DQIdAqYCn3SfWqHHFV3ysbM="}},"aYgklmpsgziTObykwL8dstUEnSjfmcY2M9nuk+8tJX4=":{"valueMac":{"type":"Buffer","data":"UijvPTWzlGumYZHBo+SdAJ3ulyGAPfQtmlgc/S42T24="}},"Ju7J3hDOLwGN1nHk5G/JCZ5jkUyg61bGw8iXfXOfcj8=":{"valueMac":{"type":"Buffer","data":"GITfS/QW+YU09cTyB5zrgiKWWZWrYfZyVHEGhWWquAQ="}},"dQubzgDXwWkoJoHHq//Nwx93DsLVbS7I4kF2LZu5rV8=":{"valueMac":{"type":"Buffer","data":"2Jg3Fdm90oLIWQL+y6YNRIV1B492kiX4sGPW1Mlmpwg="}},"IgcWnWWhhhAHRT2hBBOlnuwFjUZkG+5LlDSNQsOEkno=":{"valueMac":{"type":"Buffer","data":"j7FVyhKwqH9iR3UOTuh3RqR+nWQKI31ppjha1Y7Pk/M="}},"2+CGp7hmRDttUNRDVgJQzKQoRPCgLCW79JuJSnTCx+k=":{"valueMac":{"type":"Buffer","data":"Fu0H2nrbNMhJoDmJQxpmA2q5AWmdEcYlw2sMHiDfvD4="}},"q1Vy3cIZwrVZfaIPusqiy6+OIW9bCcMYawBqT/Jv2ls=":{"valueMac":{"type":"Buffer","data":"qNwi9F5Ko+PYEGp2FZAbafolMHjO8WBP2yFHb7g0KFM="}},"047T92HXJkwXgTQw6kUGVciVszlrB16kE/vUv7GQevI=":{"valueMac":{"type":"Buffer","data":"DLQJChlYd0qncJFVkjNdnGtGdEPx6DEGdkZyPfDFs0g="}},"YUKxCWaFfP8qwPMKCZpoT2MaLNlS6a/QPmxOIYktmz4=":{"valueMac":{"type":"Buffer","data":"HSqGN63w1nGv1yrlRRk8n4SUs3dB0z2307e56M1dzGw="}},"2eEi1iHYpgrqlFL14EIiyLcOywlXdsVrKTv7z/NX4lM=":{"valueMac":{"type":"Buffer","data":"VeaCKkqufNM4pE4otKkFHQi0eRdasg4W0JvTUZP05XA="}},"djA3JdCUq4ESoNcU8AO4kSkCPLifLVa9MWb7bs128MY=":{"valueMac":{"type":"Buffer","data":"RIXHWQuxKqdWqAKr3qpVE1cHtS8c5AgxNms35kKCl34="}},"IX7HkZoW4VACcZ2Ca9GpwsZ/t61McQMP9ySriSg4u7A=":{"valueMac":{"type":"Buffer","data":"W1ze+q02V2J4ub/HR3SJ8VyJMr4MVbjtZHkKEIFdfWc="}},"uz6gMcbIQEGjxi8krU5Qf304Kkas5NE0Ef0IEsbMyLM=":{"valueMac":{"type":"Buffer","data":"mHKTH+8Rz4byDFuC6vPKn+C3zKC9Ri6X+IyvS6wcc5g="}},"fc96g2bTK2rC9o/WaW1EYdAAbL8ulVrs5Yj9OA3dggU=":{"valueMac":{"type":"Buffer","data":"Jb3Gtr4ghW3a2i28PW4lwxBoXm3AU8twGlWKo4wDR1s="}},"+EYGZ00VDaJh/VyI6wKSii+pjsupN8g2NjeL+9qLb3Q=":{"valueMac":{"type":"Buffer","data":"i0EtxmdbPNM4yS/iqp9h5h8X6gxhFG+OebByNGUW2fA="}},"52sdGodXZP+7EIZulna2fNT1mQirbJ5+Fvv66e+0oEI=":{"valueMac":{"type":"Buffer","data":"veyPQhCsqCaY9+NSddtOPRjR3vOr2NdFdKqZkmKidWs="}},"IWNO2I+D7+bAYbfV+9xIps10LX8Sp6c+yxstS9p6ab8=":{"valueMac":{"type":"Buffer","data":"ECJb/+AyFfxm0cC9pGM2uyvc09ekzxAB6arBJd2+BF4="}},"SyEfKF8iKXbmSDybp0A4W3akyrR0hEG4QYmFY2GGP2s=":{"valueMac":{"type":"Buffer","data":"ZwV8vaBWW0RzVIDKGQPFnB1QUziivUfDM4e6IwtAzBk="}},"tmZ6cKxrEJILiH4wyJd8M+E/MO7UmYYHnsPapQ1CZc8=":{"valueMac":{"type":"Buffer","data":"Xs5pd2DzfnTS6a918HsHXPiMlkrzL0F5zBvUI21vlco="}},"6ncs1fOhoijFar7FKm+P50OsTeMAIIBMZT3GGlJNXco=":{"valueMac":{"type":"Buffer","data":"vTvPf5jdQjch6XxXKQfjE2du54ZOFrFX0oMDVqCrvf8="}},"TU9QdzdIKMCLejnRrnmoZOm6vQNFS+/gc3z68J0pa00=":{"valueMac":{"type":"Buffer","data":"9TStyBF+JBNWsqoYiEAT/uxKlLsqomL5qsVL8Xke+PY="}},"orc6yi+vTzId/gwvG4oRDvfd9RGQvustFNzDR0b8RbY=":{"valueMac":{"type":"Buffer","data":"g1ckkHjA0cVTvtua94NUy3sy9QfkIumJ+slrQsjHGIs="}},"alS8MH9DS52pPRZTlQje16jTGTJ3kUI0FWb8fK3isXU=":{"valueMac":{"type":"Buffer","data":"IwsA6B5iFXLzKG8b5fg0qELpTR43+LKBpflUOyZHkNM="}},"om+IjZis+iJK3GN040LaHuhXERWjt859hLhluJb6uys=":{"valueMac":{"type":"Buffer","data":"E9blopZfW2daasCJ+bk/1/nVDnHEAGqiHtgvIfxCsHw="}},"zNc9GmiS8MIBXajbBwWDADGlybTTDz7CyLA5G5dcYbQ=":{"valueMac":{"type":"Buffer","data":"vHSwg2U+Agz7480+6pJlioVYlEQslQpxV+RMmU7GPVw="}},"UOqYQEWbJFMhEY3CqAyfv3rs/YvidH5gPqd0qG1wU0s=":{"valueMac":{"type":"Buffer","data":"gNCx4YU6JsJ9/858zjsOH39yoZDCfCZ3MuWcIAXitA0="}},"yLqp5Xlruu47NOQA6imGPTHdUlzq2GcB0JlizZfuaoI=":{"valueMac":{"type":"Buffer","data":"dS1dUbv9r5RlRruz03HmyhhgEyieAz846ob6G1h3P0M="}},"O4CbKfxfGfoNYMm5m0DaPhFgsU1rkSff3dSnxFkbF54=":{"valueMac":{"type":"Buffer","data":"oa5WyUBW3BfoWAprA6A/OtGZ+UXfJAr+oNzP/8jvWDk="}},"2q+YO0rrOSHWF0bje090ynaVaOz0oVyCuZX9jFXY3Ow=":{"valueMac":{"type":"Buffer","data":"Wh958UMP9hb8ZEGoGtbQwGhDyfyvyM0B+X+p4/6+CUs="}},"CSBKAtuYrxsCN3/48xVIGhvCT0g6cwF02zFTF+b9u4g=":{"valueMac":{"type":"Buffer","data":"2Wg41spIzTJzg5PlmFc/m812fLzbzvLA3t7beLgiAdk="}},"E7u4bnCj6rM+42ThT4MADcHml47Jcr12FAQG1/kQiM0=":{"valueMac":{"type":"Buffer","data":"HY3D7tqUfOpd+G+aXpbFulF6HTlFMCwkq0nEIf9DaLI="}},"tbk4I3AJ6fA5K7AwT+ORMAxha/q0Q6dmsL4jPvneS0o=":{"valueMac":{"type":"Buffer","data":"9+BhiOudOk5rI5FkJEO/76thJbnpd9X++9+ZPuwhA9k="}},"ZFkZFNOwgUkO8O3dsypmFnKYyR+ZUlweGGGyuEG46W8=":{"valueMac":{"type":"Buffer","data":"JXHS4uepULrhhrLMOD9sVfecdD7md1HmvN7Rf98odHA="}},"DfQUo7GKQVyJxd7MzBmSf7t+SNHHAzeI9hOJd4Ho03k=":{"valueMac":{"type":"Buffer","data":"tm2/YbLO64UPcVUuJFOW+YMvQSAUPVlQ9+sePdOI5qc="}},"lHntL50RsGAsacwfJviD3v843OWfyWdrOcZ6VrzXY0o=":{"valueMac":{"type":"Buffer","data":"eny4C8NMII5H0jpi+3e0Qgvm7OdBCe7s+NNQGpzyVag="}},"6970TiEYqxnQlqUmn2WyoAzEoodQGg0VlqbqJPQbHlA=":{"valueMac":{"type":"Buffer","data":"Ifq421xqvpGyh3Q6x+OyjM3Vn1Zp/0k/oVZPn2ZLrmc="}},"7lStDjgUcM+O3PVWefHQLvZWwHOJrDBvHfxj1kF/2gA=":{"valueMac":{"type":"Buffer","data":"jq1Cdukp4Z7YF5gGC92zQbrH1+Jf1s2TJKORA3NyxJw="}},"fjOHET7NHwf/Bw+GUKiGUVw9r2hFQ5/K9v5cfS54teU=":{"valueMac":{"type":"Buffer","data":"/HCNRIyE8a+Mp8+Cd6cDnW6mvAKSMdGTGawLHsb8UGw="}},"mGudKeVWpWd7xQwOBxR0/IF9sHLbzDEVk5CHiVIn1So=":{"valueMac":{"type":"Buffer","data":"Q2HvKVQW5Fr8JNB6lEe45gJZmkcGfeVyh8psP71k3cA="}},"tCHWE7AaTf+qJ3J/LtSBspp0cYV9RKb3SNw4X0JfOLs=":{"valueMac":{"type":"Buffer","data":"Tu11hKslyZ/4t2aNbnGdTIpIU27trEolmQrqmTLkmXk="}},"hA465i8XSoHTvuae5jVdBM/cepYZf+JoXVbjE+0HwXU=":{"valueMac":{"type":"Buffer","data":"inQeA9nsKpsWkAedeOfO6RdMKJxzSeRqzGIAF/Ift9A="}},"7GbEFSN88qs6Mh4ftqlEuUuayCmYUDg1gDP+yAUDSao=":{"valueMac":{"type":"Buffer","data":"VUxmcF4OvJejQErEUA/k3cleHA3APqoLBTOA3hsnXJ0="}},"hOMnBc9tdIg4P4N/Gc6tnugT8lKB9dUrJkhedwKtYAA=":{"valueMac":{"type":"Buffer","data":"3Qy2ZSSHhviLyAekgg9VRuJ8p7QR9fg8z64Dxz+pWtw="}},"omL6hi7svHF7j8lFCZVNxh8qSWy8bh5sgJfgQYgOGHM=":{"valueMac":{"type":"Buffer","data":"tI4sNUCe3eNMiL4Capmstu4/4e7O8MJyLVxowiDpyEw="}},"vmomIyj5PwU7fCv/8QbYstyIsC3dpddA1bcCmwX4Te0=":{"valueMac":{"type":"Buffer","data":"WAsmUa+ywFW4kCuud3KaqcfPeceSxSM8jV5ST5GUUDM="}},"AeEmBiej/10Z+ZVsqeUuuUWek44YOCI5E6IvDw5E4qs=":{"valueMac":{"type":"Buffer","data":"wvH1rEcgqwFBCN+X/L4Wzb5Pi6wyXVBjN5fUCdDrJEI="}},"zZ/QXzy3zl5dBLckcMLCSl/rP0dk66shEGPUEEcDtDM=":{"valueMac":{"type":"Buffer","data":"1QcEmBjkk34zcOfBZYRW0PyoscvPTuoOPn6tTKDiU1w="}},"Xp4Q3b8Y6E7RE9E9XOhg1YDv/IYA1IBuqulmL4dhbVU=":{"valueMac":{"type":"Buffer","data":"y9gzVTB/Cw5DKc4TdcKtojRs6K8IhaIOR29OQctwfjs="}},"7ILoIFOrDybpCwU2dAK/xhZwQwrqGoyd2bABabW5yMU=":{"valueMac":{"type":"Buffer","data":"1rlTWPsITs6sJkxY0LuzfaCEAcxCQ0qb4Ktj10zFt0w="}},"TsQC/pbcyhdQO2TFWOK39yjROYzCAZXphbXLZsHTTRA=":{"valueMac":{"type":"Buffer","data":"wFJi/k78vDKCQqVowPqWHrF1ByVmOrT18SGEavp2Xrw="}},"VylQSx8eiFxVl//HciMlvqa2dUSCkMBqq8tb6Ijxv70=":{"valueMac":{"type":"Buffer","data":"8XY4aGNx80TL88VcdrbQ92Vfy+i3GXvxZduT+ctT0/0="}},"/qV+se5D5m0y4Ej6m8otjtHuhanfRTcY7JpgS+vFSCI=":{"valueMac":{"type":"Buffer","data":"lXLqJ8ViedkQESOm7hNIwESnUHJnZxTnmjCY7DGpWUM="}},"AhAJvIb//Ltu4h5NgKXcJJkcbiqmUryMy3kMT30qJrs=":{"valueMac":{"type":"Buffer","data":"hAxV8n5lhNnOHT7R/NNuKX/1JBICFtXdwKzE8D6Mi3A="}},"bJQWpejo+8mxFIwmcSR6IIzGsO7o4xA1uLd+FLrkS7A=":{"valueMac":{"type":"Buffer","data":"mOU+hc6702k1YrW/w6oBQYJDR9I4uD+jg0v1OrUSmKo="}},"L2cSM4uZAu3ae6YEygCoKeDqrwwE15J7BkFJjbehfKI=":{"valueMac":{"type":"Buffer","data":"naaA83EyMqeNu4CSuO+9hdobpmJ2K/HT9w5p7OQVmiw="}},"P6T/sC2xNP4A0RokB8kR7X1mSb/nl8ycwPmZd70SI1k=":{"valueMac":{"type":"Buffer","data":"wc6jJUUdx8UY9HROFF9wlcb/IimJgOHndVcWSsfox2k="}},"qUyCuXoy6J9eOz9NtWVDsSMhHdH7H1suJKv69iI780M=":{"valueMac":{"type":"Buffer","data":"L+4a07n5hfGk3Dr+6mPgeU0JWFor/u97EfLJpbZ9OTs="}},"6rYcgdRjynhEM7bA3SFJmz/lOR6hBUJUXRhfsRDDDnY=":{"valueMac":{"type":"Buffer","data":"lKKmOx62PGc86GLKUN2ZUVfz4pnL+pYfI9HShOEDlmc="}},"W3bUktdKFL/IaGzggbcvMuRIwq9zLl/uyOyQJ2NAZN0=":{"valueMac":{"type":"Buffer","data":"w6+G3hzKCtpiq21idDGP8Uk0R3pGMGsaC3X4MEKsUBo="}},"JG22dFdrmdj4JguTc+rM7NauDhZ5YuBH/Q0rw9+SdQE=":{"valueMac":{"type":"Buffer","data":"ez7ydQxhkF0WCWJ0q57DoVjuKgKHgaHO+bcrn7izRy8="}},"rabhZieCO5DRkk3beJjlnsVyIzpR/dDYckJ1jMP6spw=":{"valueMac":{"type":"Buffer","data":"/Jb2xwmuZpoQZZLrtbaFq+8f1qhSBExtAUnYZbAZh9s="}},"c4/Tu0YctCXE5wlhDTQLNNTf/RiIbkFVResUpdbswVc=":{"valueMac":{"type":"Buffer","data":"F6wi5hSAUxnQQ+ZlWVyM08OfNYUrD85FgtqmQxsDYI8="}},"KABid7N6P9koCNYxCSWspkPnwiW67L/ewY/+mbOfBcU=":{"valueMac":{"type":"Buffer","data":"4vxyDT6mDlkf6EJL423BXdBm9j/pO2zDgoD0bikXAJ8="}},"/WWBlSP68gHUKCWForaw6rP80/+l1nsLxdZE5q5UYEI=":{"valueMac":{"type":"Buffer","data":"TrVBDT2oJyCc63YRCzUruwN/lFBey7sROSqJfS2t8D0="}},"jmBafFWOrb6VYOPNapLo3SdHoEy7bDiHWlQmqnmiBtg=":{"valueMac":{"type":"Buffer","data":"rylgtSFK4dl8aRqWOLDG743p1clcS187Bqz/q6wbCV4="}},"G7eznmhNxVPscqPvPm3AI01s1+xLLHQdvjP26lcmxJE=":{"valueMac":{"type":"Buffer","data":"Bis/C23nHvf2dY8qhDQJ1thncKwYU3eQ05jAEY5vlZo="}},"rfLxprVfvOUSJoJsbWqVEJJ+11kWNIkcRouhLE9xWJc=":{"valueMac":{"type":"Buffer","data":"ydg8ZmtpPIOEhvoB5IXR/fyqIWU6ymUNenFTmu4g14A="}},"gO2oCc2oklHl6RCdh/LQUfqkLNVvgK22qYgQPUaxRcs=":{"valueMac":{"type":"Buffer","data":"CYIVHTZJ656Zg3f9O8VyZC5vIHV/9PQNXM5ZLlPK/dY="}},"ckyK9eKkoeNa/4WaQWtxWV3YM3wcVIjbGmmKoLTUaVQ=":{"valueMac":{"type":"Buffer","data":"cdF7P204+7pUSNLoQafZcx0RUh9u8xceplQeH8K04as="}},"ivqB10hxh4uPpwRlmwcg8ZIHWLo7Ci+tkMb113tBg7c=":{"valueMac":{"type":"Buffer","data":"CYheuMmBUlouBJ9Oyn3cjhI31wdue3LUHTKPm4SKuc0="}},"mWHj69UXS3CaK1mnonbiU2aOP/r/9teF/SDFUAiVGJ8=":{"valueMac":{"type":"Buffer","data":"eBsvBYw274FYSy+FZuSlkQQxn6uqvVmPB2Uc03sgkkY="}},"tMzwVHkuTrLUWCL7TH1o/AiHDwZdkRifrk3lqfiLDGQ=":{"valueMac":{"type":"Buffer","data":"a9cn1ix5icnu3XSH0esW8uJu36weIXUWvMPVsEINihQ="}},"uAZ6nndTKZ6z623XeKwsG1QMCp7hOJnLViqlsFJvW0o=":{"valueMac":{"type":"Buffer","data":"tofCnFzermCupTdUQn5awSxX09AMWOIrHhY3yTXjTX0="}},"WGujqLo8fRZk5dF9WC7GAYLNUYw0fg7XQ6adO0KfKq8=":{"valueMac":{"type":"Buffer","data":"wmHIC9+0kws2GuAhVYpAsFY6VLmhQP/WURf1OGbBSgI="}},"zqY5R0wB84W8L7IYZtEZLpxf3PZyPrUZfm+jYYSRWXc=":{"valueMac":{"type":"Buffer","data":"CFmvWeNBDicjEHNJ8Ne5HVO7ulV9gwqbvvYbP4f/2z8="}},"0buuql+gG1Qpssy3vkvWEDR017Ph3bH0OZAAWHLKc3c=":{"valueMac":{"type":"Buffer","data":"iH9rOE+Vx+wz5aIVHCblnjEv9arZjy5DwcSilmS727U="}},"nDWWcSXan92bA9qMbLII7oMQ8FOPFb1peF+vgFKvj9c=":{"valueMac":{"type":"Buffer","data":"NVS9Z3k1naw8GmfppKleMoOIfJlYlQUcJJVnLYPCcxo="}},"9Fc6Qmv/FlYkfikNUmqI/y/5xIvtUTuv4XJi42ohNYI=":{"valueMac":{"type":"Buffer","data":"ocE/bXUMyV+x2qHpg8P6/KsvcqIulFLLsRb+iogYAP4="}},"W4C4hpykPkn0+05LQ1WOEvLqHubC51iW0Kljk13aQ4Y=":{"valueMac":{"type":"Buffer","data":"7LK97VcCJcoCJY7woiCc84zm7Mo57LwMETn/MqJW68I="}},"XtfK0lVNjEuKXJBliiEfNzk1Bhvv+EQoNHeRugW/Xwk=":{"valueMac":{"type":"Buffer","data":"uynS/m8xazTEJUJ5YrzYpCAa8fPhEd3tBHn7SzMLtrc="}},"4WBV1AJrHXvoJISJwypXiy4dVPxFsqmKmndkBzUhOyg=":{"valueMac":{"type":"Buffer","data":"OQSRuB13x+Mp7sMxxFSAm1a1IhqiOPxXG9FMcGvOphs="}},"WPmduwVMEznjFCchBpSh8XvC/EQ6eH4YU71FAbZDVfc=":{"valueMac":{"type":"Buffer","data":"RVVRpUXE4PMKLonmFGyWEECkTAArapZXYBnhzH5opU4="}},"hIpaGsXYPqhTAetSgf8A+BrQ0pngfTqFBjPCnjMMjxQ=":{"valueMac":{"type":"Buffer","data":"P/pkNtFL/6N9lDNzPx2xdN3lpOpggSTZcfzi2/QLTZQ="}},"Z6S2Hh5Pywfe4e+lkFn3vuQj0Cx1NUYpKFlstUbBftk=":{"valueMac":{"type":"Buffer","data":"TClcdaSLDNJKO3SV5G3vR6nccpyIMHi2eclbpGge3pg="}},"N9/Iuh0fOpD0yknqN/NhCtaHOcKn6J8vs/VEeEou4G4=":{"valueMac":{"type":"Buffer","data":"cPT4Smr9XsTwN9P3Ry+xYxU9F2oZlFN3Qiv8G5lyfVE="}},"ZfX5wdZ2vtnHrh+uBAQAlwWPoY6baSkXY0sL22LnoIc=":{"valueMac":{"type":"Buffer","data":"mNivbqiGCisRstelHB8kcLcmhoO5JPq2KLYieux3UMg="}},"WFpqWkePP7okdUthLOP7tMgHVSBc4zlYLBKXsmNMq7g=":{"valueMac":{"type":"Buffer","data":"ZmgO4Q3l6LoQcdqJiGil56Ad1LVV57G/3dHuiZ/ZrFs="}},"NkwJhbeuHoz4xthiekoWWqnruYcUJr4RJPdeyno0eNw=":{"valueMac":{"type":"Buffer","data":"5r25wTG1bHh7GIOrmUA1RkvKJAuVOzE4pFO2PhKfNtU="}},"EJrcYqS9hAVex7+uEcQI2FA7vdicy4Ic1SHYv9sYuW4=":{"valueMac":{"type":"Buffer","data":"9fgqnouBmQnkAapm19IS9cx7lbdin2g4zi2vXSJoCW0="}},"g84OA29/XoGyq633BZlL462lp/zUZhuRnUjTHju6cpo=":{"valueMac":{"type":"Buffer","data":"zZ2U0j2NL80Pj4SNijgJDTNGIz7HZDdp/IgR8kRHsZU="}},"xBvqtquox/R2qvNCFt0jrqunUSy+5XOOKHC7COJrdto=":{"valueMac":{"type":"Buffer","data":"vYBm70x3vhFkLQ5bF0LsBG1xc2YVJHxNDP5C99av1D0="}},"ptyPYAltx7bvCYQDodW8Qjlb8zRX1zuiNBh5rQ7NWiY=":{"valueMac":{"type":"Buffer","data":"zkG5zNIdqLoR3WKGJU7gnf3ehRzNSddMQO0N4oURk+I="}},"VBY5GJGG6W54s+oaSI9DlMeeImdsntYnTlJGOWJzIc8=":{"valueMac":{"type":"Buffer","data":"6kqeH3j0r3/CVuJgEYEcVFvotCc1rXbdYN4gNa/fT74="}},"pjoZZKtRBRrKttm0ctTEJI8af2Pfh43xhpIPRlzxd2I=":{"valueMac":{"type":"Buffer","data":"ZhAG65+OScdT+Ic3qnv6q3hE6NyGEneBRLR1CY8d3tg="}},"aoHiNzay+Vmma44Sfi/d3w/lljXBXT3Fl4/bfJORUjk=":{"valueMac":{"type":"Buffer","data":"ceEvWwqzARUagIIEAvwlnkBIDeKhD8AnBoPrMQ1z858="}},"GtPa9FR0ACVjo5G0yYtCN8yeSGT3AAJkjraPM0/F/gQ=":{"valueMac":{"type":"Buffer","data":"YTIQfTr/cXFYoUQdfvt1mMyrrouu6Kg+Rz0TG5WjQds="}},"hg5r9NX8F1BACBGolGDAM/7yHcOQbCzOsrefRh9wCDk=":{"valueMac":{"type":"Buffer","data":"wCW04XKzE/1EV30mEj5APRnWLruJdBRAYyTvrZ08zlE="}},"GmFUmvnBbevBo4u3YW+zanaa8mW0o1c6MLenStQHEeU=":{"valueMac":{"type":"Buffer","data":"kaSvrrfAZu1poFJDRa3rK6UTK3lr677C7lpvuaORG5g="}},"iIMAluW0bOXR8ljgrdvRehZKqUYzXKt4vX3lXTQT+fI=":{"valueMac":{"type":"Buffer","data":"R6SFdrXguK2afoglSfnl1p2T5OLqqHa9rVUjFbt14/o="}},"tVQKwCDREpTY6vByXG3e9scU3FLB5lEtG2sofeo4b30=":{"valueMac":{"type":"Buffer","data":"YUMJk0tdx9M/kK+Q85tF2UA2KEy62TMXBFOFU97Z/eE="}},"hATaFdVKdjXYqzS2vqWq12PAnZOEGYI5XHh2blNNek8=":{"valueMac":{"type":"Buffer","data":"XmVlZFFY1SDF/18gcN2jtzv4BKS8qfeDwqmqKn2h7U0="}},"OM8cX5pBXVURshwxH2l2UkLwqosxzc9ATdrf1qoGd4g=":{"valueMac":{"type":"Buffer","data":"wKkAHPQGaxS/ShlivrUG4MNR9Jc4WU/WOGCZztubklA="}},"UZjJ+NSjUsarvR6uRvxhTzTzDEij0FBlxA299Hba8ZI=":{"valueMac":{"type":"Buffer","data":"NkbsJ9FK3E1iv8aj/vUr1Iq/neQO9f12Wg0eTEwQWxk="}},"sUB6Fk7OrpuB2K7+Gaiy4YGWRm/UnAWkBdVgUTegTpo=":{"valueMac":{"type":"Buffer","data":"cSf2qplI4TZHh9mS4h1WsRMj1fy+VNi3Q2iGWOJ7J9w="}},"r23S0LKOmoVJOQVVcMFxJPf83lSHFxh0r6RohITJQOE=":{"valueMac":{"type":"Buffer","data":"oBwebtfrgPJwWMbbUNzRnnXrMh0mWWxL0pHSnNW6jk4="}},"tEJy+INKJ65Z0FS/VK/TQTgtdlowwx1faN30E/WruTo=":{"valueMac":{"type":"Buffer","data":"5idTbiJdGDLEF4zMLJseq3cxzlt1vNoIpQrp1Gi5zMM="}},"hRzF38as4neta7jBDGz4/VCGokLv7adM/eHzKKCprMc=":{"valueMac":{"type":"Buffer","data":"+ZkSFoETPcLFL0I743VcPkBU74l/RMRdjoSH3KUQ3Gg="}},"Sfshm3/dtugBaVZJ3hLhgTLcjnp8XM1vbwO4FJLKFis=":{"valueMac":{"type":"Buffer","data":"x69k4qty6T/j/CqDb1WNF6yvk8jrYD9dYT5TfjeNEec="}},"1wS/rLJEpLVdLVGHYbkkRoY7agyWsbx6GTlw7ccDppo=":{"valueMac":{"type":"Buffer","data":"zOzU/05I84an7HQDwmad+x3T7oPEOvcKc50y7ZShFaw="}},"85ziLKzVzE3SD+89S3FpSJpHBbgW8fOTyAfMqfZnn7g=":{"valueMac":{"type":"Buffer","data":"fF5UIXhg3gm38boGX8gnXVkGQsL2z5b17kug2h87Lt4="}},"j+ekhtg9fJHYLrJEyyfJnQ69kdk+xET3jtOFdA9+Y3k=":{"valueMac":{"type":"Buffer","data":"1fz9YPP7lvEAZ43R1Y1ATP0xeibcs0FURjaOrloh6j4="}},"nYsP7aBs9kjEp37dpZAAuoh7TI8M4yQ4myB8v6Lx6Ag=":{"valueMac":{"type":"Buffer","data":"2k1VsLokfJlOhtX2L0WjIQ2ZKuO7NcMKY1iuayV2tPo="}},"93sbS6OP2oOt+gz1jE3gCpp7brMlel0l42Y8BW0d0V4=":{"valueMac":{"type":"Buffer","data":"B2pSj8AblanV6d65Xu7aYAhm+leJ3M8FHo9BvslIb/8="}},"sAaSHrWqo/yB3n6SkHfbf+IphPWZHzQ2tvrBfpii5Os=":{"valueMac":{"type":"Buffer","data":"oUxhiEa+KnbB7mC3sUMvs9E+VpClpyxEi62H52yctSk="}},"xHy2T/61K9Crv1YYYQv94slmUhfq4fjfVECeBpj+HGI=":{"valueMac":{"type":"Buffer","data":"o3k1RvybrxhKy+X05ukkNELOA1KalHBIUCHafyaFCvQ="}},"OHRmJZc3RD0f8owlM6o4ZKzkNEXyKjABb4nit4Pz17U=":{"valueMac":{"type":"Buffer","data":"nxWyGYC8b7NHn/bv8lX1l3FRD/+Cy3qHVWM0jytGQeQ="}},"Ekf3QYyiHx0SQlsRwltw2szW5QCbBqhCirnGVziUCl4=":{"valueMac":{"type":"Buffer","data":"PABYu93ICYTtJyeoofa0PKRKjJi+QSuWcphbhNGPnz8="}},"1f9ZXNFWT894lwl62d016N6cH5R/Cn35Rz1MCjfoyzY=":{"valueMac":{"type":"Buffer","data":"x0lPsvTrWH9WEJMTGbX0/TZ3n5vuQ6jCKe2GlUOXJHI="}},"WvnM3GPbb2aGIpsKOEnkt5PJNjfrQNv4nwfe6L6jAiA=":{"valueMac":{"type":"Buffer","data":"s0GYYb+XKGFZbUAhvGiXNvRW7GdzVlsja2wGRCA3mVM="}},"khTTuPI8E0uSY+XMcSy8XhKS/VxqS1pP40KPpIYxZEw=":{"valueMac":{"type":"Buffer","data":"iPPDwaMgXo8BZzMD24oj+NTi8V7oxvI12fVkXL2ZF88="}},"LWdDMm9fhK1abzo29RVn1Me+oQrcV+FFP38VzmaNUio=":{"valueMac":{"type":"Buffer","data":"uzDZzqtiW+tuzwWF0Ny7+eQd8LoMO4qIHb7tsV0r2YQ="}},"zUcZ+O1rMBQoz7eZBgEW01YYCLlygOkAco7BlrYqHWI=":{"valueMac":{"type":"Buffer","data":"veMPks40kIjRXY7VFbeSkFylfQRlXX9DjCyFfJ52z44="}},"Cg5WLnb3+k6kdJ7enUqQBJ6EF0Imy2AfMldgsSNkDv4=":{"valueMac":{"type":"Buffer","data":"ygGrHRsBusaraPjcPfqP6XgJMBKJNV418HtTgAZSC5A="}},"iHq2aMZ7rzn6hl1KZqHr9u8FgMyalFUgC8e6lNrAw1E=":{"valueMac":{"type":"Buffer","data":"GXgLUiTrIvjAlkmVVXlQ2Kd8IVno4nn3uqDfeb5udwg="}},"+mUPfvH/kjy2iVxGpYTwUqNe7RAGxFkR9onGDzlV8SA=":{"valueMac":{"type":"Buffer","data":"+m34b8Q7BY7SV7VovbDoF1+K6paI8x9ByPmjEBZMU24="}},"/atI71dvrUWZZPDL1AYfthKfb34L+FlKIeopecZfGIE=":{"valueMac":{"type":"Buffer","data":"m2AWZ+LU+97Q3gJAszAJXCvT7/AY7flvdwa6wfWGB1U="}},"a1BHOFFFcLmwSM47O+f7FLyP/0irmpZmNCBWjsA6KIg=":{"valueMac":{"type":"Buffer","data":"ZXnZfcZw4KBbXJLd18sEuUpWn54GIOlaio+xAUOVuVM="}},"b+/Z9gjMyLQuyrzV/QzKLUaS8Ttl6sVGeZz/G8iMAEQ=":{"valueMac":{"type":"Buffer","data":"Y4PZISC1ji4xjF63wo40mR4y2GUUisCialfs6Ppkv+w="}},"iPFVmjk5YrUpeUubnET58GWFvQ45KtiCvd5RtxDrVas=":{"valueMac":{"type":"Buffer","data":"Ek4PjmQ8xQYpmmQqMzYj2w7GzetOug2ZA959x+tip34="}},"765PKlIBldRA2PRtEpypv4s3zf8dtdz564pFdOfRSsA=":{"valueMac":{"type":"Buffer","data":"GyL/sldmDPjRpdGnC5sPnjPiG/y8yvEQQy5vDnIXVCE="}},"4Prn2nJnhHOMqizNEAiBVcuMNMeWGcfdZ5Wr/9OSvvQ=":{"valueMac":{"type":"Buffer","data":"kfO04Rw+rIj1WsgljD4zzGy/5DMoqWTp9B7F307cKq0="}},"Wgb2VmiEvG/QOTiO3U4ZrLuBil13MNjkCxtWtBAuTYA=":{"valueMac":{"type":"Buffer","data":"dTJFbEaaZWk9CzNqCHGbNZv493phZZdgB+Q6Y0BRg6E="}},"KjlUIzuhoUANYysjSJySt83mEQoxsv6yqSoSX4BQVxU=":{"valueMac":{"type":"Buffer","data":"tSqRKgZOYm7XL8i5CQI8AsM0l+U1da8xbkZNeO+72ts="}},"2zTHT0mnTfIS4pfuA8FcLT4GKHYObF9Rd9VLbK3d9V0=":{"valueMac":{"type":"Buffer","data":"BoEuHw/nLjO/K15umpKr0eUGitqkSUpp4x7BITaha9E="}},"TPxyrhjV9zddxvwyjp+IuMHSi4UPEyIh9/oVpyt69VY=":{"valueMac":{"type":"Buffer","data":"6mgqMQzACpYeN7E1Bj1g+YmJe4wY1yRu1PODO93UFZc="}},"fhp9cZb5MQJ3+pZ5liaap5ANUYF/BQzCEaXFIQtz6TM=":{"valueMac":{"type":"Buffer","data":"qJGATuSoKpNBV2fXrYYGy/rOp/sbxpqBsNyZ05+qZeM="}},"7TXJWwWpq1B3Zdjk6UaFRpYRKRcbG+5mTiUbodvF2XQ=":{"valueMac":{"type":"Buffer","data":"6m0HVex9gnHLm7HC4KJvm2jPBTviDtxql2gMMlWH0Lw="}},"MJ2jlHjQ7A6Cucn8bukkJ8DhIMYG/PlI4yf0w0kVckk=":{"valueMac":{"type":"Buffer","data":"v3ruEYlOmbj3QH9NPF/DVDikOrJd3ZXE92OqpErfuIs="}},"AzlWFpR4RlwOSQD9E/hqNGZfR3ClRacYeMxUn5/DMCs=":{"valueMac":{"type":"Buffer","data":"a1WyRro0OiSHbwH/lMZlYDN6pVvYBsb0ONiXSiq7ARc="}},"tnAIx36gdhj+HtPl4bVsJR53foXHAdQ4fndh+ptFDQs=":{"valueMac":{"type":"Buffer","data":"IFUc6rtMVx/cr1bTklqpYmJb2k6t7/0mSzH8NNPItFg="}},"s6ZwMxk/+1ODk+qr4h82cQ1DH2kUQwMXyHb+v6PZNYI=":{"valueMac":{"type":"Buffer","data":"0qPUefz2lraIrmEkwrJFU+AWArxwmakLZ9cyPpXyuZU="}},"wp0jOafODALdX7RyRCeWee7M7YblCmvQSrYlVkhNp1c=":{"valueMac":{"type":"Buffer","data":"zqsOwmzXXeMpWNZEEJ2A2z8wLEjGhG19wLntGz7O0N4="}},"swUt445EOj7ygdVlqS6y9oMIiG5V8flUgk31bUaOF5Q=":{"valueMac":{"type":"Buffer","data":"DAiLlxOqI3JJusDEgOy6XfSsGKFnWNWgNx82DkBbgVs="}},"OlE9w9Ho/FRUQ2PjUPWNaZSZujVSi1XGcVtOwR6rO2Q=":{"valueMac":{"type":"Buffer","data":"PbctvMKtThsVjdUhzctrG4ShtFsQLUCoKNnCcECyjKo="}},"5AS18E7Ar6kPjFUoR7U7t9Sfkcb/cwTKLqVOMDhEMC4=":{"valueMac":{"type":"Buffer","data":"4PdzEts7D63qVMJJMBPotslRb+tjuItObPCw+JzPflQ="}},"K4+G8HN41eUA2HY/3+wxVqhrGT+tSXCSDfx1m6/oJ+U=":{"valueMac":{"type":"Buffer","data":"48p7YLuhGjfcp6/+ixA2uBXjfHvv39rk6ub3LyerEkI="}},"i4yl/Kot9S5MhBjavsFuPP00urLqIDnevFx2eHF91mw=":{"valueMac":{"type":"Buffer","data":"40Jj/lyaJyXWO/iozdk7SrfcgbIQWbiV1z0uKSR0EYg="}},"BZ8YRvObtT0ji4Ga21T00/RfWBDYf3VlcejqeG6uRqk=":{"valueMac":{"type":"Buffer","data":"60ftOQssnuTDVsD3/ersKAY6CKW3Kp5BCZBW5VsLCqw="}},"ZOU+a5A5sfYfH35Y9gWlqWc/LJB0ZpnYvS2BIZZOtEw=":{"valueMac":{"type":"Buffer","data":"xNqfTSkw65AmU0NY7owMBjttGmqkRwk2tYzjSqX9o5k="}},"9xTDcFRkPKhtJePOEWZCnSe5Vi2/qUAoGQdu7JExKXY=":{"valueMac":{"type":"Buffer","data":"gnINwT4gdLiCalsxco9Zjkl17LTftw0UWx7AHTU/mOc="}},"uw7BhbJLOTG5CiohhGnE8PvfTPly4WvsuVadWAECywY=":{"valueMac":{"type":"Buffer","data":"NffCzB4Q9raPt2MSzMUJvBnLpbYZiylpO6KTULmNdEw="}},"fcW9JNO8akSCGBsdv7fmDjp8Wau5IedGLJ55+M6lZPc=":{"valueMac":{"type":"Buffer","data":"EZY5a9OF6Im39MWPqLDdvwAZG2byhsxZuUAS+raNE94="}},"gQA3Beyznv4bR76HW61lHo55k+NqV0wObZW1AsJ+sP0=":{"valueMac":{"type":"Buffer","data":"Jpe+zUPXr1GEZVp/ob+bgfA7U+5cL3TtCrrYFl0stRk="}},"IuiTyRKbWkTEEiirB8WDZKVKyrJwdAEF+UC0THoDoZQ=":{"valueMac":{"type":"Buffer","data":"LapfGznxeTwX1YxtL1OmEefAolgUZKD+NhT7b0FQdIA="}},"L83vphYZNyTzr1khR6pms0hASd9J1AxkP1VURljshhM=":{"valueMac":{"type":"Buffer","data":"zGKpomXmfHDdDylHUFcx4iyP8q5EMyG5bIJRJkKNEZI="}},"/n2KTIfb0xgWoqPxbaHDcsSWbXAfoy8g8NrW2doFK2U=":{"valueMac":{"type":"Buffer","data":"UQaIho2a9A1XzaMt4U7r6ytFkGUUWGg5yW7no9cgoE4="}},"PU/iZtEbH/SxNn8AkZkP604ZYNcNtV12MwB0jlX/Xv0=":{"valueMac":{"type":"Buffer","data":"PL/tAcUs/0EMvKZC7pbJzTQ420OkTKAeTDJBoqmBeqg="}},"yuq3ze9MRc5WjVGUJoq7YhNe5bv5XtYvE5dHUJwbmjE=":{"valueMac":{"type":"Buffer","data":"1ijeHM63O494kkARFo7gembbT8paU3ktHSFXHrrUmkM="}},"UKVLTpamGAlWgPia0NrgYcns3dQOw/6ln5kzwC7KSlE=":{"valueMac":{"type":"Buffer","data":"LG14lJQdPh3Q3DgkH/k2RItWEuZtQCqWpxnOHEuqBxk="}},"YYgL1H3CRZqBQ1ehHVudF06ISsBPHlg7tETGNXYiGkM=":{"valueMac":{"type":"Buffer","data":"WqMwLmEqw98Bp1etLUGwzkPWu7YBEWqPmQtKCyj/ROs="}},"a7BMzvOwkoWrqe2DedKN/303e+oGcHowaHrE33JInEU=":{"valueMac":{"type":"Buffer","data":"jwcTTDvMW0Y9YT36lzQvBikFDO1+e8i9oN54UKcRO4o="}},"V1/p6jltiNrHamjcLbfgucBuKGmDOyWhNaWNcib2b4A=":{"valueMac":{"type":"Buffer","data":"zTu4wRiae9KzRYFEb7wf5cM2cIT9JXHUFmPHktyGr4I="}},"LpOVz86/qIv/MaTWpner8WEM1u8ZuvhEj71EfpsKrFk=":{"valueMac":{"type":"Buffer","data":"4fsPSY79JLljcyq58OIwvMGCwAbUwJNTjQzGWlNEj5E="}},"rb5C4BCHC9XGJd5meT/gpJxg2kdEoC+Oxwd6xmny7sM=":{"valueMac":{"type":"Buffer","data":"QiClMMoFLkgfpXaYy9hBxvkDr0AdqnF/qDOPtq7m/Vg="}},"CdLHWgCVgHxVeSQkTrKRWgjh94Lx/Jg0jj9qUgrnjcg=":{"valueMac":{"type":"Buffer","data":"YUgnN365ZxPEI0h+l/iww2DRhzlIqeQ3+G9BBUIQYgk="}},"6Rx76SNEM0/4iuEHc4jxGPOpuzKvQDHupCvcBrxAkMI=":{"valueMac":{"type":"Buffer","data":"YYtt6cEtjLhDLkbL8z4NOiuP4vZmy9EVTJHsDXEYwFA="}},"LeDGjgydymLCvQwDH+uP0myZL0f4pFKYQc9Kv9Bgmfw=":{"valueMac":{"type":"Buffer","data":"fAJbg+woKh00zRSbHdSv16d9JGg865LiqJh/qvc/FnE="}},"UdJoVZUmA/2MBwFDTM6uPEG0FjxKK3GnK6CK2uf1ano=":{"valueMac":{"type":"Buffer","data":"9KF8PWjEIkLBNI8jxQPza0PdREN2j3aimJiFhFJPdrU="}},"wIYA0ikkiT2FiOnyf/dWrHN0A1kq2wxMHSbeHz7ToCg=":{"valueMac":{"type":"Buffer","data":"FJ6ZB3r/hCuXsG6lhqQX9tKVFKdsoMLlgTrsaEpMTW4="}},"st9obwvwBr77cQTQQjb+h7J3zu79rAsWoMV0ez/BdX0=":{"valueMac":{"type":"Buffer","data":"4VVOT/EVmJkuhJpwQLmfIXXfQVvXfKBvTEBQRKFL2Zs="}},"c2CDPJj4gz1VaeB2dqJAOMiMmyKpyXi8YMF8/O2J0HQ=":{"valueMac":{"type":"Buffer","data":"SEGMEnDkGZFLDtgJhkPt5oyVnAUPT5oSQHgEZltVLWg="}},"Uwrf3WIEdw6O9rvng5kAxBtXQArN51Cq+ZsUb7DbW8U=":{"valueMac":{"type":"Buffer","data":"Wt2VpeSm/UGy+elc16tFuqz58cE46cS8waC6aAtFg50="}},"BSOWB9GU0wOO4dxNl7SirtHeeTtLcukWEfaLccQVJrM=":{"valueMac":{"type":"Buffer","data":"7a2fXgcL/MlsC/Pf+tkTPe9RD/CKXfphDoD+CPgsgRQ="}},"wE6xQd87LfqqBjbaIG85L1Wt4yEhQ+fs8xsE6x9KFUY=":{"valueMac":{"type":"Buffer","data":"Ul9+/FjKm9nVFfNqu5U6wsIchc/zJpiftsxdsf5POsQ="}},"Ydzdc752y5+lZH7SsA6ZbLuFNpfkk4PJHCclRo0MvBs=":{"valueMac":{"type":"Buffer","data":"hLc0RTvUnSHZwHljzAT0/NtTeRUeUvtp8vWJNSxVDys="}},"A4vpT1GtIHA8XYsJ0L9vYAvMZIzGNtNDAO5jZ0iqFHY=":{"valueMac":{"type":"Buffer","data":"2TsbOhdJJCg7unK1gUnF3xCK9V2Jf9kMLinhMMs4DMI="}},"3SoKRw1IAlF0xY5UIX0mfO9MAU8OkGWCxK+cSsrkK9k=":{"valueMac":{"type":"Buffer","data":"vfiTZ7nVAE4h6rLzU5qp7BoiJZ2OxhlcVqAg6kC5CSE="}},"/ncrvlLiUjTPREeXJ7D9qBj3rFJVa9DgLbAeTw5XEEA=":{"valueMac":{"type":"Buffer","data":"OXd8UHsL5Bfx7+8RLnP+JuWk6OPOtTx7CMewCdz7QOY="}},"XMAQfRs7qRFphJeDLRdoJUh0v0q/zfW6cmjvnWlMz3I=":{"valueMac":{"type":"Buffer","data":"D4zd/fndckGq6M2uMfLInaznvMgPuxclCWx9VXvnfk4="}},"qeLGS7SdXWJtpG5jPM1qrsP7QdNMc8UjSRQdZIAjxvI=":{"valueMac":{"type":"Buffer","data":"1NwgxA8sQzfCAhH7m+i328ZbyV1R/k758mN0ab0mBbQ="}},"BvMrMsXA6SKjkpqlDfZx0iELLbah+nYfARJkXnnouZw=":{"valueMac":{"type":"Buffer","data":"KLQ4SHihl09Y4IfEwzuVvP0QDSpztwjfrIVobneO4bY="}},"zDReKFdi27BIebFFR/02M3+ziIOapdfx84kkRDsE65U=":{"valueMac":{"type":"Buffer","data":"/NgupcR74zbO6dGyazjcQ1+BMmLtN88/NdoGSP55v5Q="}},"ZACyP7TA3VYaBEYuOco7Cvy8PyG3fWkaLnY31f7Hsac=":{"valueMac":{"type":"Buffer","data":"cN0rSEhWPW79tIXNPD1PfwzfjG7e/yc6Oh0AA7yyigk="}},"GvJHG9G1Gb5dDFWw9Jbh2d0VcJhByFyu748Uc2ItcUA=":{"valueMac":{"type":"Buffer","data":"ia0SKkoy1jr/jeD7rEPb4PwJp3jMZXLojRzCmSFlPbY="}},"oOUdUOSS4ZvDLwFWmfRDL4pTnjuRgxmaFGV21Nqvbmg=":{"valueMac":{"type":"Buffer","data":"HVwZW9rK5qyMqv2ip+bxSYQQ+SFks1JxFqNV2BOodqU="}},"jRIRR/ZOmmUIF1yI/mGvzGhsFnarp9kDHfpIIDGzen4=":{"valueMac":{"type":"Buffer","data":"MDo7HFF6+uTXb9Y7F/nUDftCLrrygM9qpNozci9Nzas="}},"YTTov4+isvPEogA/ed1V8MkazE+w0exOISkVAz8i3mg=":{"valueMac":{"type":"Buffer","data":"ThXci5vzzJUmRjnAfPhW3o1S+2RXuRfgPkntB1WAQEw="}},"C0j+fgO82cqs0ZSd9eB77GfNg0KuXddIudaoV/osRtU=":{"valueMac":{"type":"Buffer","data":"5/eyWX/k5v8iLMDQBlxg4LADMOi8A7oElJ5gKcNouKk="}},"A8ipP5q3x+T5xHHMCdqd0/W9NNLyeSmoyH9dwQQzB/4=":{"valueMac":{"type":"Buffer","data":"8bw8E4tQq/WH6RTjBY6Q2rkjTHVwmUlUMx+KFJYTALo="}},"xFKRqrmFDhmaHgcf4a6/cu6P47+SevlZ57cPQXjGAtY=":{"valueMac":{"type":"Buffer","data":"BgNlkiK9BI9npyTs8mM35uJdg8u4vtZ08YgekX5/tfo="}},"oK1cYX94V9LabD/N9PK+xLtu+0Tn6rL4aylS4Px5zdA=":{"valueMac":{"type":"Buffer","data":"CjHc+VlyT78cmS9BraU7q/AgL3nHDyRTLiDdyTA3Mmc="}},"rzg/6N1B4Hh6ZMT3ZycSg7DvXR4bxNgMvWrEMzAtl2A=":{"valueMac":{"type":"Buffer","data":"Z9pAOfZboZz1uoO4lQrG2S696pIOM6SWeXRPl3Bk3Gs="}},"wRUDm7d8sHpJB9jsrX7rumRQT2OEDlVfPQam1FDLmxg=":{"valueMac":{"type":"Buffer","data":"fz6Q3VAcitUJe/C4j71hGrTJggJfcBYVIWFiJpXkVNc="}},"kd0XmEmr4w8jBl73evGC4ydIOnkLucK4YvPkMso/z+w=":{"valueMac":{"type":"Buffer","data":"Hm+mJGEXfyops+edG4p6jdcbQqfZyd5/4+LpJ1EEJFY="}},"A0+bHK6Kf8gr9wP2xS+vbC5wgpB4jl8bx0WmPXX8I64=":{"valueMac":{"type":"Buffer","data":"1BBe0ooH+fIbtMmaDeSEMSrdqgAMrdlOpAHgIkcT/E8="}},"k9l7YE7j1x+jl3CvyGFlTQ2ccgQDSrQPpXnl1w2IlFQ=":{"valueMac":{"type":"Buffer","data":"D5usVNsd4o7Z49dwR8yhX7BRPXbg4woXlm8CUg3ms/I="}},"fgD+fPfWhyRdrVRCln+bHDEY2ExUTcg+qpRTjhNALqw=":{"valueMac":{"type":"Buffer","data":"BomO7PAwkjlkHLVjYcnbXRB+pDUFfxcgsfhvcjkIHIs="}},"BlgTp7KjVboUBO/fZ01IJdoJ4MmYSwdEG2z0BUFaGWc=":{"valueMac":{"type":"Buffer","data":"V4Kz4LsBXNBrTwha/xDB9Ddz8hkVglkUlT5nFZOvEU0="}},"JrI12AO/whnQci5EjQ2DPny4amFZhh1JcaPCz7WmQIk=":{"valueMac":{"type":"Buffer","data":"oJN+fJs4hwHjLyQ8wV940bUk5xKRXjHt8qf/JuqHckM="}},"gV4TeCLxCSsg893gQ2gtrFhm7OR6RHJkMUCm5/4qz7Q=":{"valueMac":{"type":"Buffer","data":"X7SOeNmPwued1keOB25wQxfQWYJdSiTyyL/MBoKDQ6E="}},"hvGlBiuer5yTq+jMi6jvrQqOZkE4eeVvgpK9+7TS6lc=":{"valueMac":{"type":"Buffer","data":"lOEdg4XSDitkN/0x321Cgkuwtmswca9/2zSfeBsOdVA="}},"Ma6vWtsZAXxt8pcd7HjAmvIP26G1gTlpW16nI34S+n0=":{"valueMac":{"type":"Buffer","data":"od6ZXd18eWXCCGGXgCKVH/D8/4fs0M5ycJ1r5pIzx+A="}},"ZNr1Ynywcu2YktWfwPVWa+DFFajJnZSCCHuIU99+YAU=":{"valueMac":{"type":"Buffer","data":"cgUaf2fDDAWoO2yZ4NEjOz2OgJghn7hi9axEkfuUJuA="}},"DleMgEv2zeg8ycUSf6i47MGxZBeUqHmraXI6ZifQErY=":{"valueMac":{"type":"Buffer","data":"fNsAe6Fl7QXaSTFd3iDnwQVi/YGNVJ9a535TbWBhO6o="}},"JV1KbAOQ2jEn/uKQ4cFhZ/EtWEqT00Csq5vyXOgHeVw=":{"valueMac":{"type":"Buffer","data":"dOyNO+GrHxL9oBe3rLNYk6V6L8SAsvhergAoSoDOI6Y="}},"chCfFlPN+GgxFEZGsUXUFSfUndA4cYMTRMgWjWXseuM=":{"valueMac":{"type":"Buffer","data":"V03+H0y+sQON318XSFb0NISYy9Z7XiwivDJP/15V9PQ="}},"qsbALWD/EXUXM0WSQptML6Xq3eNdyygSg9K96zgFUsQ=":{"valueMac":{"type":"Buffer","data":"JiDK6rHNh5TsOSax2YbvOdUihMbOT4LEdYnQrAAQ4S0="}},"fiv2FFwEgdEAh19GCVYT0/7be/1DvSNXJzV0UUQMjrE=":{"valueMac":{"type":"Buffer","data":"dEKTZ8BhQ5mHcim9PiPONhzCLyyp+IflHDcLeje9LYU="}},"qnVex319SpOGZpN/Y8JMpoS2ycg19yxSCb3ATdOCrtk=":{"valueMac":{"type":"Buffer","data":"8ZgnJKG2wFNKj4IdhCvNG9qYE3mRbxmfiRwA4V+Maes="}},"hH6Lk0FadVlDtAuHW5IOFHJ2lRjt5qv0KqvS//78gls=":{"valueMac":{"type":"Buffer","data":"dZ+v8Y8MdlXLWe/pCcU8ZSYj4RKZYbnPKdmB6+GjdEE="}},"wdtEOeIO44xp7y13a7ZM1emU33U4mUPl+8k0ER4WD3k=":{"valueMac":{"type":"Buffer","data":"YEamYA8RpBWWHJfSu9LKOFD41NY+TnOp3ijojQUpPIU="}},"PLAzVobMDrlzt7NFdXQ8wGh9/pA8iu9cg2qABzZkQyI=":{"valueMac":{"type":"Buffer","data":"1Vyy19v6uIYgZoX5NoGDaED/JYVKlF38AteWKYzJUpE="}},"YtpXlvV6+rb/tr8gpFitM8nfrehpau9KtcPDznSI+Ss=":{"valueMac":{"type":"Buffer","data":"l3ow433n0815apiECKb5LJ0iAmgEWeMcBLqcClOW8vQ="}},"1wbQbvWlSAMkPuDCV92uM3tsmtum2Bhpw8YcHO+Y3/I=":{"valueMac":{"type":"Buffer","data":"4LY60/pL3yhOaqEpQgK3BSpcO3d7nSrpmG12QAsOneE="}},"ftl+VMd4/tNDiwEA7SqAx5zksOM1ldnC676woAx43tA=":{"valueMac":{"type":"Buffer","data":"9a61NdzUylkW0Mm22KmzEYptgrSxpUMJLk5owBncQ3A="}},"bHBiKxqV6RIHdMA/28EGqLZ63TZLBZHoZXmNjmfXtVQ=":{"valueMac":{"type":"Buffer","data":"tn5nKHuHZYf/VZjrFWDLzhRsurEK1aSteZQDcAkpAlU="}},"pJuojyQszS727JANTNxF2Y0dG4oJY8TZXgiKKtxw1jk=":{"valueMac":{"type":"Buffer","data":"lFQRLMdwTnPR9FBkZlCOckjJE6Uq0KmB4d/p2BFFnQY="}},"eZkJiLlfVZfHOGzDtD1AdvY9yNyadiRayYnJTrmUN24=":{"valueMac":{"type":"Buffer","data":"Ioo/7tpphr9XjYwhM5Lf+woGGxUqsQgfh3Zm3InL9fQ="}},"yxVuVHF5RscBGo1BnQYbm8kNZ2xbP6lXh5qCiHvb35Q=":{"valueMac":{"type":"Buffer","data":"ZKWReg01QzbtMlDgdfxrLSfHNYTIkRLbAJQJrw2Awfw="}},"LXlS3GyNsAzBhT995dX54TufeYLyTPX1EfBSlxyv08w=":{"valueMac":{"type":"Buffer","data":"r9GZdWoI92djQb2pk48JuNKSTzYw2WDJKh/Get3Phpo="}},"GalugJWBTqWwdcZbT2g94ZDtLlCqYfYzMDIeaIaHwvM=":{"valueMac":{"type":"Buffer","data":"APHwOY8m0LdtAZuKIIdvDLlczzmDLQ+DQeXlflRswiE="}},"jyzuS/EaAbuN/Yof518/jTPlDGfr+4s4dDGhpPFdJZ0=":{"valueMac":{"type":"Buffer","data":"OMrQyHkgnugOwLz5swfRl+igAPoZy8vlFzfqez45VUg="}},"Q7km0Ren2hQ9PUsoXkBumHkgRrnihX+xZ40dPoGgFOk=":{"valueMac":{"type":"Buffer","data":"v42rMsz4FC+U+Z1GF65uh6FRaIPMPlZe/5/uSCqc2S0="}},"BoeeIVUMQewpbTSR0+5pDfCgU0I/JobUup2KVR7RSMo=":{"valueMac":{"type":"Buffer","data":"KKlpDmjacTHBxTMqg2Q1w+epaXAlbbyAUNXXi6zieYU="}},"wxpuPxTX2iQ2MaJD5tr2GGS/PciwDxRQ6/A9V4RymYE=":{"valueMac":{"type":"Buffer","data":"x1DCqlqYeNuQz0Vuotiq6ihdnDUJpfnxlqgQipr2wP0="}},"mJLEjCfGJIKI5HlIeHNchdgPcPfhS/KCG9zMTRTujjg=":{"valueMac":{"type":"Buffer","data":"j3xp6CsOUAxnKacasuOT2VD1jD0orsOO0y+4H81vykE="}},"1RPLoYhApNL8bpA8iGtdvY7Pwb1i+iPogE3T4RtetqU=":{"valueMac":{"type":"Buffer","data":"6O3JwEjTvrS/jLeeMYG0DCzUfzUpgSXZYElq5e+2Y9A="}},"HDJvq5FzMFLXYUPkMZk5/mrwSe3amAyE1z1J5vV6gnM=":{"valueMac":{"type":"Buffer","data":"vQv1PAZhbs2Z7PXPvhHkICUhWsx+AtgaDb7fSSdT9fo="}},"apDMJ7LGXl+K0VEvF1Huho2CtNJT2bWKTGBbTbyp/38=":{"valueMac":{"type":"Buffer","data":"zUBs27G6sCKiQ2OySEsZah6k099ORxLLu0Zdx8tv+CA="}},"03BJt72kfTpPZhj1ujFttRj2bB+P/06/DxF75qz1W74=":{"valueMac":{"type":"Buffer","data":"PU8CMjkVevAxcZXplDI8dqTg0ZoGiIBXlSTn4huttDA="}},"2MCEU9hQm8m/f221P6zNc/oJGS/R+X/Ymk5Rc2lDGTs=":{"valueMac":{"type":"Buffer","data":"uBfVuOT21sxBDXm2i9mgHUs5ocnO5ch2ue2/jxK40is="}},"DmNJjBCVZkezuRRo2LI3/nbQSVE9qOoVgqlXFa2CzrU=":{"valueMac":{"type":"Buffer","data":"Pl4KQk+bQzDNk0+GzuZxojcGbWl0rooPEHlyEccwOWg="}},"Y4bieSdWWTQ3X8PbXw9Tq/nDZJAQH874KZlDubi3HAU=":{"valueMac":{"type":"Buffer","data":"NrwRPvc0Z4sVMGBDyOwc6jHg6BudWeX35QUz74NMP/o="}},"1t0RNBMvnA9dxA0LHWKl7kKRbsX/igKJKdfdfDClvsQ=":{"valueMac":{"type":"Buffer","data":"OBJq0b2QtRdD7+TqfDnTo5Cgeqo3/OONGRJ4rrNPISw="}},"veTLFaM+iG4JrM6ckVcEJQsU7uJPu6ZqQR0hYgWLYgA=":{"valueMac":{"type":"Buffer","data":"K9PHYsvrGtuulSIEgPZFS1o7U7I0FWeK/jQ4sOgt4n8="}},"UdkIvRRK/veH/T8ZyphIOpgP9e/FncR1MPglhEv7Tos=":{"valueMac":{"type":"Buffer","data":"x0PrDp7NDtdo5h/rWVDzpowhar41ysQtJ7d7hlGP76c="}},"b3AIToK5+OgmI6L6t1Vuhsl1DCC18vsOk92EYoIA3xM=":{"valueMac":{"type":"Buffer","data":"YMG3x9TMutJLG86+2ffTuz5p0i9eHAMoiUPNht5bRP8="}},"x4k/B+TRVZ14g4LQXMhiuI4SJs9Qp4It4gy83InR2I8=":{"valueMac":{"type":"Buffer","data":"O/WJEBxPa7lzqh10hsu/PL2A3id8+KOPxc17nFs7PDo="}},"nS8Hk6OeP0ClFVCOxKx35lUoQ0UMubrrK9QaIetwUL8=":{"valueMac":{"type":"Buffer","data":"ocR3LVvV1+iy38HFeO80nfqDJcfKhoPkCkVtMZibUMw="}},"Q+LuVyINnf6Xd+gBkELaQWGPdkeJm5WsIpvAQBxLbEQ=":{"valueMac":{"type":"Buffer","data":"LQ5FOrxmA4VC0Jg+AMDlO0PksogJeBo0CSC1hwP4pk4="}},"+k9GcOnJd9uCsAoUVv5wRfKy4MNfORgScaUpYdrDAN4=":{"valueMac":{"type":"Buffer","data":"HBovNiDQa1Hvwzoex3iXVRc6N2KR0nVcTS/+f6MAUfw="}},"WjyTIPYsaA6xvrRc8ba4zKozSW6i8ddRHI6cPudgfuY=":{"valueMac":{"type":"Buffer","data":"bM1V8d+VHJ7F4ZDpL+bHVshy6boQ7xOZPN7mBu9gAK0="}},"FFUtkGaVLU3RttLriGyuszIemoZtIxoYBrmB5I9WOsQ=":{"valueMac":{"type":"Buffer","data":"qNbUc27RdUp/Sx4BBVfZBvmtckNFqGKapJ6ixNd3nQE="}},"IXAwnnmLI6opFVtQqZZ4svHNXOf2R9kwrkIWwNWqZlo=":{"valueMac":{"type":"Buffer","data":"7FU3+0+IeFLuaWUJldPFeAsazHSgeTF+XZNoZ/e4/iM="}},"QmQA++LIGNDU5brgz28suA5wdxdROedQypAxpzBZufg=":{"valueMac":{"type":"Buffer","data":"GHTvtXPlDl0YK0WxPqK1vsraBvIMGX2LNEfORdGUbFM="}},"g7oLLzZxbxKcK69UGRluSJ5FIBJB3fXLDFPHKF6h30g=":{"valueMac":{"type":"Buffer","data":"E0KQjcp+czJ8HvMlwHei71ThgqU0t52aq6YzBuN8FhI="}},"LtRINeUWlJkzsKUFczDeDWvVbVmgySxVBvllkbLRvJU=":{"valueMac":{"type":"Buffer","data":"2MQ0NxNFcEyNnVoRl/zxUVgdgDLWaJtBY3Htm/ZaIT4="}},"LvlKFGdJmDpyBB844H5i+nyM20QSy7K6LZu0k8nzDnQ=":{"valueMac":{"type":"Buffer","data":"zXPYs5jOPUksFVXj2NgKkbIhJX3R5crRAvo4iFxDczI="}},"fznHajCI8Hq03O5Msq1QKVgYV44Marf/UFRga9FS9/o=":{"valueMac":{"type":"Buffer","data":"7BymEUwZbk9XjNtZKaharfAxngibjQss6ljwEeCN2fA="}},"oL256GUm5WyTOJxHq8wIQS5466FerfcUqed0JXHkSyM=":{"valueMac":{"type":"Buffer","data":"Ev+Xl7tigcq/UtcAceNORGzeuhgjgoQHJXwyJkbukak="}},"eJJlDVLkSFGb61Q1H/8hrqkf0SrniE6H3iTlL2VGdO0=":{"valueMac":{"type":"Buffer","data":"lT1iJhNdyLdv0nAtnnvkpsfifp04dx0ickNLYwl8h4I="}},"l8tcFTBG1U62uICr0Gs2ws5tNfEJdFfwh9nFODdCrvU=":{"valueMac":{"type":"Buffer","data":"XP16oLrA4pC5dxBLXIohsrYAGLlkvNjnBM1FnW9GMRs="}},"yDfd6kHXJDVd1qVIjJbqvqSgDkOsgztVEgKwpNDy3dg=":{"valueMac":{"type":"Buffer","data":"7XZf48/+DSBByCEchKW5RSDx6Cpo2suS7RIrrzlllxc="}},"K2e4YYOn1RZ3JK4T1AdLbQp6a719KUnJ5HidDCeUe/g=":{"valueMac":{"type":"Buffer","data":"r2MrxvQAJhfHmxrFUQK/kd1VirnqGRbdqWgH68n4B9o="}},"3MH5cnZ6b4EPhMNGgPsm138skHhcZt24O224301mqhI=":{"valueMac":{"type":"Buffer","data":"5PGxQoJk5i5Wa7f0FfmoSvrhBSQ8R0wIIJvGEziNKU8="}},"6F8tV0aXET+xt/Dxgsy0/G8P8KQKzKCtsenNPcSejpI=":{"valueMac":{"type":"Buffer","data":"R9p3sbaI/pQdC64b11JWn3VLHzWK1D31c1WGDcUcM30="}},"BzN4CinKc8oqK+Nd/hO7DC58AVadmosSUbeZZA7PA10=":{"valueMac":{"type":"Buffer","data":"DuxSR0B9U4mCYWjzy0C2lATerLs83hFsxqcTHaEXv+k="}},"fpHP7x4/LzRCxHWMw9tnkr/ZQmHaCWpokkhEeDt/pFY=":{"valueMac":{"type":"Buffer","data":"pS+CkDtzh1yq1RL9Lb6frC8/X4BV2YEd2ZkjY4PLz0E="}},"igHqaFofJ9HzKcpQuZE+acCJxx/f1p71O27Lm2MMSqM=":{"valueMac":{"type":"Buffer","data":"LDYvqBDdv5OrIltbf/z09A/COQcqErKLkBiIxqT2eDE="}},"rj27QFtYRC/LsWsJ10pgZRnku0EUvSpqZS1yv29ymho=":{"valueMac":{"type":"Buffer","data":"93Yv8fzzpW7CEG1z+SZBr6Avxc8lY9Kx4UkDTjAuwCA="}},"buCMJDsRaoO6Pqx0lxglexkKYfsmebekhItKrczwwV0=":{"valueMac":{"type":"Buffer","data":"fcBhqgzJgD64Bl+ywdbgxw+iNO3ln5JpMZD1CsvM7zU="}},"1Hy/Y/LVQPiw+DiLnsnG63vm1dcwjrUaW2k9qtTYwJ0=":{"valueMac":{"type":"Buffer","data":"sAcFKbZSI3WNzU3Mp3hEqNFsDvRS9S0RgCtbkNG1inU="}},"R188ToJhOCP4QDyKgysCKkBAg9ZgqdJMUnNe6TomtOM=":{"valueMac":{"type":"Buffer","data":"G7+NbLARLpHSP6ket62+saafvNfLrjLDk45mBPjoXPQ="}},"Z0Md/KLt1EKhA8PBC/gDhpuLyf2suMDgwYWavZJNlQk=":{"valueMac":{"type":"Buffer","data":"t84cqdfaHXI36/PEZq5z4pojqkuq98YJOzUE6vvIreY="}},"gB6ol9C4zlElJdlV6mwuiE0zRHFtZiu0WgTphIEVOJg=":{"valueMac":{"type":"Buffer","data":"/TbvicJXL8vcOVTLb9dGK4eSoNgIWjS0iAEw6t/48lI="}},"fJbCbCRIpVdY49T4SbOwElcMSGDOfhlKxxSm2wHQcsQ=":{"valueMac":{"type":"Buffer","data":"SlIANMLf37RApOGNCPm4e//QSBXvRcEAbswH6QBPSkw="}},"AnXTUrcHQddW1hIeVi+rIn6e2XGX7AljltBicezkVHk=":{"valueMac":{"type":"Buffer","data":"m4TJmfHy6bE9CzI5MBqmwyF/IR0E+RCq+X/2+TdBlQI="}},"qfYNHf5ejhcw8QYhW3jnje9AcsgRq9/uDeA71GXCmVE=":{"valueMac":{"type":"Buffer","data":"F42oXSGcC0kAQ4+VKR7NoQH4p0D2FP/KfXX2kQPPPZ8="}},"9XvbfTSWddlLcDcFbeDcqs2m708/qQxF9/lN9QZmcTY=":{"valueMac":{"type":"Buffer","data":"ohuhgHM1jX+8+F5Ib8J7VOlDsntuBKL5Wt/IyG3wWB0="}},"1kuKM7aRCzNNOBleKsnvuD/m3FvkLYVEkA2QKt10w4g=":{"valueMac":{"type":"Buffer","data":"nz9wO4xyyyxvJugxUhvS0I4dIN26NgXVCwwJqq7FNxU="}},"k4LeUvbybbony7EPAprUvnP9zgTHcSbuvdRvP1jj1WI=":{"valueMac":{"type":"Buffer","data":"6k7c0fPGquiN9X9bwS6hIFIl8798wNp5nOKhC2NdGk8="}},"TuH4lq+zWhDT6frNgQKkVuhvKW4A9EPY5wXJt+4PjoY=":{"valueMac":{"type":"Buffer","data":"icbvYAtklM4ib20QQWbb4g3eKJqVtxIqxTSX0uGEiyw="}},"JcRfIJavAAMNrmFt3vkIEzjqyiEHRfKp6NheI2m6FXE=":{"valueMac":{"type":"Buffer","data":"Hv5Y8+EJo7MJiPpQ1Onc5AzLZUGKJ3Xr9OenNAQ0F7U="}},"Ex4lhXKp1Xch7/5FBr7C5Zv+q3xF6isJvbVWGPp4PH4=":{"valueMac":{"type":"Buffer","data":"CMhS5mespxKnC9wWhQua4n7wBjEfa/ZVr6wnppRvzaM="}},"iqL3we+zEJy21ToxlbIIXQUK/fbxEqeZruO179tsuLo=":{"valueMac":{"type":"Buffer","data":"kS8q8QJmDMosfH0/gdY2XgYZlPr1g49NJ5XBSyeURf8="}},"PybXzs29rP+NrwCTIh6oogDcJFRZ+IdkMct9lofw4HM=":{"valueMac":{"type":"Buffer","data":"sz+Quum6IVk/+YHcBdMGeYis5fVW4Qyy3GmR3fdG4Oc="}},"uEf13G0kgnQWxCG6JLYaJQP5GGyJkxz6SB9/DXV+UrI=":{"valueMac":{"type":"Buffer","data":"mn+isDr/hI2Ch4v/x1gSSZ4iJb6ZM1Bec63MMYuVCQg="}},"mz4fUAZpcZ/epQSHZhj0nZ3C73ZVmCV+sQ+BPlZXoXs=":{"valueMac":{"type":"Buffer","data":"oGY4RYnjQDfeyOS0Wxi/hXFBqgYnDe3hCvYYxqOMd5A="}},"573HYdf+GjXAcq+NDt5nNNUW71OkbH42240n/9a0bRc=":{"valueMac":{"type":"Buffer","data":"MKohf+St+ibTaBPnDFV+gL41lHxpwSXnzUWql7bqHTA="}},"Rv6WZhfZMHNDVfiwPafPp+rValWt5a0dAzlzchdks0I=":{"valueMac":{"type":"Buffer","data":"/iLd3uiAhd42TmXcctBUgtCyHgyJMr0HlhxDzTRchko="}},"mUSb9psoX5IUBVZ9nzaJCJWbhOGZ+/g+Vie/sIYTqCA=":{"valueMac":{"type":"Buffer","data":"6C50diFz6mOVTcuXON/K9bBNwO3kb80ys8uDQyv6DlQ="}},"KAcRIGiZyPzBnxJ4g/yRgl6tkomMo+NcYJsRsuXye2I=":{"valueMac":{"type":"Buffer","data":"1uZKFTk2UrHVA2TBLYaakeeL6e3LwjrjvY5lHs9L7E0="}},"FT2/u5PUJh3Pmfz1YAgJJcSupsge041sOLpmBWphrjA=":{"valueMac":{"type":"Buffer","data":"qIYibm84eq2TIRBtOKwlrKkKC5z8RXpQFc2tPnYATPQ="}},"ECvfzAsOOl9sTDNn93SLXnQjKsTAgQT/Ji9QuEbKR0c=":{"valueMac":{"type":"Buffer","data":"eCdwqCYMM2iyLM7sgNqpaoJZ+wNPmAaS/iKT55cV8AU="}},"Ie19otIHPi/CLTssIeZLkhbKTtc0yVjyR5Wg3hf2Sbs=":{"valueMac":{"type":"Buffer","data":"FEDZjHF4nUiO+3v7iQae0leFy/kckz3SAD6waesVwhU="}},"kyPQWQzuAntpPsxLLdL8r4U70mWXMHVc2VpcXm1okEI=":{"valueMac":{"type":"Buffer","data":"a0Vkz990rI5vuiEbdeDyrdi5EBMc3JvQ3DD7b6XvsRQ="}},"DMRvVWtZ2SZTUdrC4Gl/0/0H/LA9yk4/9u3CnS+vCzI=":{"valueMac":{"type":"Buffer","data":"qw98UBd8d32cC/A7aU6ADyr7pSJRwZoQkVT9Nflqbuk="}},"Q9HIHRumGFpmgYwP1vxtbs0jAfsVCvcBaXNPJnB7+qg=":{"valueMac":{"type":"Buffer","data":"ZUJ4/TAk17V73cU/zElH5DCcCNPDOkxrt+fm5hYC5nk="}},"2JaZPiOeBmi660AN5wsTQyju5lHuO92L0Psxq4tyO7w=":{"valueMac":{"type":"Buffer","data":"j48riulANLVI5nhg0EFvw33VaaeqSq8W0LHT8+dneqg="}},"mxhf1rbx4q0evmVnkZxrneVs77rOpmZC97Z0JyDSVu0=":{"valueMac":{"type":"Buffer","data":"Nr0qKGi3DIYrBKhWiClG6qF2rp6ptRZ7E5BgyxiuOf8="}},"5jLhQjXlqECvsucNAcklZ+Jy8qZ5GdKiqvWcfC6hiaU=":{"valueMac":{"type":"Buffer","data":"3WwKOfjN7rgOJCc3659/7JzhEFg2nsdfIRkyVXxFLWA="}},"cb9x6rJZ620MIsiVlfdS4BhjHWj+2Ydfjyb1wU7UvwI=":{"valueMac":{"type":"Buffer","data":"MusrYWlL50jcQcb/Zzaa9ZOaPIbx82TN6FSHpzO0hTE="}},"eRxDW6GoalUoE/UX3zmzZqFZeJ0aAUq4uAIdFR6SwWA=":{"valueMac":{"type":"Buffer","data":"NSzK7XZB7X3RTQX7f1W5Fkne+taDKeOLOLr0uYwU1Hc="}},"lsPosKtS5b1h2mYeUiIn8optvRylElYrd6cCfFS9A2I=":{"valueMac":{"type":"Buffer","data":"4kfNEs5dmxXWjY+CqfjVqFI8SgA2dFrQKRyqO/WBEjg="}},"YpyFo3kD5xD7T+xEIe7eiCU6/NPBiTIKFpsUlNYCY1g=":{"valueMac":{"type":"Buffer","data":"nj5PN0YJZre8Uxd2WJ/6QXThdq/5NkecInrHcP2FINg="}},"Nl6M/lYQcA6xn1dnyp0jURmS4ZZZe2XPot8HKBEiYCI=":{"valueMac":{"type":"Buffer","data":"XBtX8oyAWjKWtBj4b2jkidOv8iMSIyTZg/vrAjFUJU4="}},"ZH5Az4f39CPoSiHtnha6uzL+rByTSTzlAWWQbbaZ16Y=":{"valueMac":{"type":"Buffer","data":"G+lHUCy0P05DGI5LkYMNKX8HIdRyGeNFkU16xFbKiAU="}},"ilLjtnbMNn502NvBLI3M7Fs6Qi8+lb9PkTWlFVuXjAI=":{"valueMac":{"type":"Buffer","data":"hOqLz+TbvbtjsOYEZSrKXgBeba39mLdQAPO0HCCVpRA="}},"4Z0AFbMq1zqNlLKTcsTzdjKyXTM2TCaZfN+8hRQe0Lc=":{"valueMac":{"type":"Buffer","data":"7mwL1LbcRxyuf9LRaKzLXuWOkJ+Unrzu/Grg+MVTQuo="}},"qo7zRYBK/vNO2CjLCs6YhSprevfsabGRfCBEn3vqUlU=":{"valueMac":{"type":"Buffer","data":"3oJEqaaEWQMXBFSO3Gaan9xfiWKOjshw71yeWvoyZBg="}},"rAiRZw7bIUmiTSxSW2WLNOG2mTCmAGyobti9jiMjP8o=":{"valueMac":{"type":"Buffer","data":"rtRq9okn5GhQ/oxucm1yZkrsYshm3/LbWg9gKSHtA5I="}},"aCXrHU6g9gm8WXS7rzPIFKb/h9gmtronzHcYKrEWZ2k=":{"valueMac":{"type":"Buffer","data":"yvwCdPEdRZxi/N7SiEc+FiNJ1jscUMVYeduyKF1lx/I="}},"YWjHV1ZcB5e656NoRZ32bh1vCWhuEilGfLu5iDoISGM=":{"valueMac":{"type":"Buffer","data":"JTEVMy6aLVnO+4+9Shj3f425RbFvb/LEMsgvQofqRMM="}},"tENsed8JGHWI0iZSZ9K6rYTee0IHjiJTzmQLfOQMpsg=":{"valueMac":{"type":"Buffer","data":"Q8CvHcimfG8JOpHkDBw1BBBuFqCTZwnanRlw7bIgF0k="}},"7xOjmAT7nJ3DMn+oN08bos6AVlNDS3mgXRzEN0XxSYk=":{"valueMac":{"type":"Buffer","data":"XJ4/gSKVBOXr6gayaRFV4882nlkCGA5j3z58DJNzwA4="}},"QB1/XTlw44S8AMqFpciUD6wsurIp3H0//dpLn9hbpbA=":{"valueMac":{"type":"Buffer","data":"hhhEEAfTih6VPPh+2rBfk9oYi8btuYam5VbKEI5dmNg="}},"2mfV4D9VxalQC3q9HY78dtYW51Q4aMChGwu88gZ4E10=":{"valueMac":{"type":"Buffer","data":"lcUIsZ1G9CU4ScXBSL1G0nGwXfGW0vukcOCUNqX1nsU="}},"2UBK5nR0WDtDbCAR1z0zrCawe0NJJr1uSkPgN/jdsag=":{"valueMac":{"type":"Buffer","data":"InIfqrypRYgnA6WIgAJCL938l4F9mDMVOfVz+15SlnM="}},"bUyWOzdO9x1w4TogsCaNWoPFgvW3A3Lhoh40SXxuvwc=":{"valueMac":{"type":"Buffer","data":"y2GVB+SbiC7ZmN90yIu+WtUt9x5tT+tOKdK6Qt4JWeA="}}}}