{"version":57,"hash":{"type":"Buffer","data":"kqkPwctYjLMJDs1uqpH9CaHFFQl6N+fynSqYcSJg4ODBmB+w9ig4d4EyE0fMdC8RzXw2wLih7hw1AxWws64ecXPGKUwhnd6QyCZktHDmkDIaCYgJXYl1nvZ5xaAGILpqy9A0Xvk5HRg8RAO7BA97xi2W8noXCvrenHoD8uirtDM="},"indexValueMap":{"D1SyIAV75TiQTci4teUx8967Aj5cqRRMD4rBXtyHoR8=":{"valueMac":{"type":"Buffer","data":"3jL6N3ac+xRFmnnlmh7+JEqWus1s2MKXk2TtGc9Z22o="}},"ThHAY9X1ZmEg+4De9mDlb6fQOvDmjchFaviLFA36NrM=":{"valueMac":{"type":"Buffer","data":"AqneGckK86f+5mXZTM4OQ3j2s6DKrsykIs7rAT0X6/w="}},"t57eByj7gkn8pbn3NYZV4WqzIP/RgrIuRHw5hgeAjZc=":{"valueMac":{"type":"Buffer","data":"n3EU4HGofujHELQrvnsYkuPwC4XTV5MEM4gJCxcZ5iU="}},"hWDU6/F0vVonCoQth6pmGzpijjBsiulInuTNSvXa0wc=":{"valueMac":{"type":"Buffer","data":"7d9clve8rXWq0O+fM8zjLONB0gl3GzhwYebip0yNeXo="}},"jBH1vplBq2vJfSKJ+2Rvl7HazFT5+tPrdj4Za5KLm/Y=":{"valueMac":{"type":"Buffer","data":"JkbfRMGFGoquBRH0LZJ9Eb9BqC0kgNv/KIDKkPx9jro="}},"MENhsmLyLswXuRt3l95r3+bBJTWTHoYFYKNamFnF0JA=":{"valueMac":{"type":"Buffer","data":"WU2X+epIp4U8bl20y09sZz4UMN6P3TUnARbrLMPVAh4="}},"lwBDE+B2CnJBiJqAzUqnW7QMdgoOLM1BmuBbCtzWtnw=":{"valueMac":{"type":"Buffer","data":"wqI0/5NjDgddFOT5f1wgsbbPU7DMxsDvfzbUleO6Plw="}},"VZRBzP9quYYWAgrn38ACMBe1/6coB8p+0y6mWuj3Tmk=":{"valueMac":{"type":"Buffer","data":"XZsDiK+BnODzYAw+jASM7RqCkbBT1rQhVE3Bm4oVpmY="}},"0RmSmRpvnuWZxEdTmQ5uCfX3ntpQbzjQrcSPYapz2j8=":{"valueMac":{"type":"Buffer","data":"qtGb3oDHkuOE7KrU+ayJeAgXSR+s4xtljWAauvEVf6Q="}},"q8jPN4/eOQaD3YMmacA9DFYnyNGrZJv5vKeDi6xvKPQ=":{"valueMac":{"type":"Buffer","data":"vCI5b3YXvqUypc810ClNgaaWdlStc0I/a2QSj7tW7+s="}},"5hxrXAXmLr4PTUJLosmiAh7SZtQsM1BQ9l2OGF+LzAs=":{"valueMac":{"type":"Buffer","data":"mv8HWwYuL0YKy93/L8bkuuD9QVkBJ4bctOLx+uMKRrY="}},"VPyaoHv+LnUJ9SPlfVVBdVfBqco3p/yxq1jv3HoQrtY=":{"valueMac":{"type":"Buffer","data":"SxEXbIDViO0ZkXJhp5Ua14nQ5bc3q57ryaRPnZTeXVs="}},"0iCBKBJbDWQunZNAcpnDDl18fGm4m/8FXu/yABS+CgA=":{"valueMac":{"type":"Buffer","data":"2lGGeC8R7kwKlXFFQStZ6z0va50wuGe7tTt7O7au5w8="}},"xGiPyqd5cKjJLFsDEe71fTRvJoQeeSPT6odcpYQRB8Y=":{"valueMac":{"type":"Buffer","data":"5iDIC/X1M1ppCHUsNy5rCUHffiZLiLmHuYZlklmfWu0="}},"Ib5U8Qo3Myjqb5OZanrmoExFrKoRxnTW1SfvMu23D5c=":{"valueMac":{"type":"Buffer","data":"UYoPtLzHiX4zBYoFkICXXSh2xAZ/+ya37r/ZieFd+x0="}},"GcrnmerjRWZQUPgNzorNO+eJOh7OsFkizwwWBSGj5Js=":{"valueMac":{"type":"Buffer","data":"t490y9dBHpaSecnWi3Tcm8PeqWnml/S8LBDZErQe8VU="}},"K2ScxnCNNWMzwkbRNUfBJGouAVe3rpaClzOa87MMW50=":{"valueMac":{"type":"Buffer","data":"yEAp1Mk1uYA1+BzXtPpesED1j4uYXlM2h6PwNMoeMTA="}},"LMQtzy4Pnx7JQUld7b1fxHF5Q/oIELFIPWtL3biowVw=":{"valueMac":{"type":"Buffer","data":"CEDrKS94zVeSt16JS14aXS3mRc+OehTTYjupu9CHdo4="}},"rZkZwiGKZL6UeUqrMlGCEc2KrsQXOd5s9O5wxR/Ulvc=":{"valueMac":{"type":"Buffer","data":"paDFIljGrZ71tEHXJ+RV0wM2zGCMIGW7SIeNWg72ngo="}},"9nAhnCPRVKW5P+JNdw0zX/GK3vthIM4D1k9Ka8x/rFQ=":{"valueMac":{"type":"Buffer","data":"W/CagqMhW8MZrB3SvYUrwhAZ9BFLognWCebbfAAJynQ="}},"9Sxfz1no6jXGsa0ruvkn3OGFT7yhkzR930Su2JwRcLQ=":{"valueMac":{"type":"Buffer","data":"AxsI/xTeD5fehjaotN9UskUEBqYTR5obyTdc9dj2Luk="}},"cVUTgDEYhpa161As/C3oihsKZDmsGut2ZXsjcXNZfKs=":{"valueMac":{"type":"Buffer","data":"Dbykniuc2LAVI9i4c0jgmnSKm8He/6QsW+tkIMTqfBI="}},"OtPlLo95dTtq89T5x+ob3I1MIf2yA6zudEp4ULzjE/c=":{"valueMac":{"type":"Buffer","data":"IsLRM/flzPv/s/SCEsX0Bzp7AtYqQWv2HFi6CtWhQhE="}},"KXJpuACdq1xr1IgUNLKn3xtO48v8v3VJuxzrtwhPNdo=":{"valueMac":{"type":"Buffer","data":"ZzZUPEPOmALPKfsFjpKWmLhVA9kBuOfHcSQlxnOR9Cc="}},"mXjz3px1CvfsJyMavYjG2vW0S6cBzytX1pB6wZA1Z1I=":{"valueMac":{"type":"Buffer","data":"svimhXxF1EacTedtRxwKF/IN7s9Sd63B1Fb30kpMMrU="}},"PsyT87XIxQNT2tDXHRzdPMAHRnQl7FA1GuX284v83v0=":{"valueMac":{"type":"Buffer","data":"k38aCtQCwQTmAHjCw5pO98/z+/wyL9P7tQ5Q43Mqg48="}},"etVDcLMEUmDCDLk0PP8Uxhbyz/dNBo3gULMpoH7RRi8=":{"valueMac":{"type":"Buffer","data":"q7SLAbqxpJlrx5Z9+2O0av4ZbkWGX6TL6d5OhhUhvCA="}},"XppAHIzUm1vdEtFuu7lzjfOSYjC3kWh4dWlBKHsH20M=":{"valueMac":{"type":"Buffer","data":"LlxhsxuDuRnFW/ABrfH+lf9WpMGPPiJPQWSjwwG0Z+A="}},"+mhRW/hGPAUhtklM+pMayn6vraLK/vtrwqRl/fMaqII=":{"valueMac":{"type":"Buffer","data":"q6ct7T8xjxr1wtGhFWzV26uQZHuNTq1uNMcGlLz6z/M="}},"1WhM7ti2ag9leukI08SVqqHFas0dDrZx0cvkm4ypGQM=":{"valueMac":{"type":"Buffer","data":"da2geX5Q3h8r2dL7r+zHuxOyX/KklOfM2+5oLabz/1M="}},"upb4+NbkcasniAUiKgmKJxWMFEAiCC9XW99NEeQviAU=":{"valueMac":{"type":"Buffer","data":"ZFzE0rt8VLWNfPNVrPw0sJFfksatpbMjscR/LO+oq/E="}},"eMb/7JyOzJJQ7e+KE3Ir+dIkx2H1GzwdeeRHHZ2jRtw=":{"valueMac":{"type":"Buffer","data":"fsyio7DfAgB3kAo3Bhz6VC1HPaWN41DudhtbPkkiLG8="}},"iOsr5cKEvOBZ3krYHFkCEHdU4vh1GwT7P6cYMNfsxas=":{"valueMac":{"type":"Buffer","data":"EeX/spQvJkFZgf1KRjmbxS9ZzM0EssJqUH3TbOcUJqA="}},"CfE2oLdo9RMllYI8snwIDPItazF1nt5Q73s59cmXzUI=":{"valueMac":{"type":"Buffer","data":"3DvS/zOv0F5yEgqRCwyzrc96QDiz0ZBUK0r61+GxCNI="}},"gq8Cfr232cE8lr3Ql7c/myBRdZydT4+0K8opqan4p5U=":{"valueMac":{"type":"Buffer","data":"l3jvN54PZsHKgozTXidVT8bi1pJy5NxXUh6LgWCyYPQ="}},"FXFa9eFX0fDuutJRzP5ayR+K6DIEXqVvReRMW7YOmgY=":{"valueMac":{"type":"Buffer","data":"gSHHqPSVbVzaCwwvUrqQBq5zBH+yvDtHLqegslynwI0="}},"caLL4qnQ5k+AKsB/yqYLoii8tutuZ9OhckbS01IifUI=":{"valueMac":{"type":"Buffer","data":"0mD3Y/ViADC3aiARDRgcl9nOyAxh9/jyjv+81UqJFps="}},"jgTaqVaaxs77K3SciQnrWFvBye72FGFENRW/HaHRDwk=":{"valueMac":{"type":"Buffer","data":"0cYDXsRChy7v4YzcCGJD0R8+NpS0HoegtCRinyPoJ3g="}},"X1B9U9yp9gLZ/iNAYQTaZpnSOAMi/cfv0hCvsnJe3Ck=":{"valueMac":{"type":"Buffer","data":"1xmQanQKT7ZYa2JUjVai/XzQBDC7GN6kfYFIg5r25gM="}},"+6zGRnzWOSErh4MzhEPRSIpSjw+oeYNQAi1fRLDn7M4=":{"valueMac":{"type":"Buffer","data":"iqX64ERiABuL4UirPy9T8/XmcHQO/PPYDGXRP1S1AtE="}},"l1EiihWu0TyQQKhu+MQ83mNFy4eRGUybHA7HZAs7KuY=":{"valueMac":{"type":"Buffer","data":"cNMV15gk1mEut9C8ND2ETZ09VUaA26WSK1xn4cV1UZQ="}},"do69pZ5cavzpZBcmS84CFYsvTWryjw6qHmDZ2dXM5Tk=":{"valueMac":{"type":"Buffer","data":"eA6EUnC0xIRqeuGuncAYKLCeHSwUQaJEFLRBr37Rzjw="}},"twYosADiCRhJAQVTmGiC9FxT2wYseQhxxYGGevx4sLA=":{"valueMac":{"type":"Buffer","data":"deYKIYhgo7xEivM/jJ2ljZxu8uhf9Hc/VCgdHZa5+BI="}},"jPXs0oH3JAmi7NEjBNteYbLMHmYkav8hLyZd6vl+Yjk=":{"valueMac":{"type":"Buffer","data":"yfB+bGafprBBdqKXD9llcPBq557ykdOG7+AozMbou4I="}},"9U3dG8Fb60wWl3EVAf6YgrghZm2D6qxLSDWlnNOcni8=":{"valueMac":{"type":"Buffer","data":"bRJ8Jc8Q1O90395LrDXxEUiEef9Fw8mUIdCBXNDMXqM="}},"xaxy24xgDDgkuFl0OfW5J91vGr9oXzmCD80/Bj/tp3w=":{"valueMac":{"type":"Buffer","data":"4vBgdD0Dlix3Wx3p0kTxm8VnePDaAoDcHXiHYpckhlk="}},"5oKqlGSy5wdZyhYPitmPOvXF2ASpUT3Zt6yvRsMYZ6w=":{"valueMac":{"type":"Buffer","data":"3XlOgoVf5VdUyAXCS0NZFgFy0OuZn5dNE/mqhoFR4Tg="}},"Xqc8/9dWQdfzT9hsTUB1Au4fhpq2VPlJYzchiBY8wwY=":{"valueMac":{"type":"Buffer","data":"ZRKqCt4LSNheqjMsa2B+V2htSdvP9rsa4SJG/w3nl3k="}},"iR3FL5aD+NBLKO2EDp7jwzsaxrpvTHVlg2T+N28YwGA=":{"valueMac":{"type":"Buffer","data":"rUilYnbYWF9rO0ct3XULarcOAvuB8pQsIC9B6PyHPE4="}},"0FtxZitfpWs/kszITvD7gYr6GY7DbfKf4bYuxwZ4Vsw=":{"valueMac":{"type":"Buffer","data":"jesMkMgzxirtUNPWJLiwsKxuE1yh/NBRJlW4gQUlUck="}},"kcAxFP9Id0gPpy6Vr1wUpcaaSh0tGUwBLdh/bDcjZR0=":{"valueMac":{"type":"Buffer","data":"+nE9lc6xd4s9QOd7e8s4CYMQJw92DYX0EJ1uM+bpIaM="}},"MyC1ik4oqzd9YBZBzNHDNUOpnWa5EWv71rMOMRA8wSI=":{"valueMac":{"type":"Buffer","data":"/Ll7jjXqoscgoOojz6BRK5xWvRGZTDLFNSRIHhGvKos="}},"VZu4X56vd53ItpdVkNW8mQF/3Ikv93SlUBtd0mDzeJU=":{"valueMac":{"type":"Buffer","data":"P+rqj0PF32iWOiRowMenjf+9yJr3x7IIyYuJalFYHe8="}},"G4jEQoJMHLxGnarG71BFL8nF8oB45h7aR6bNycAsV1w=":{"valueMac":{"type":"Buffer","data":"lP1GsaB/jUZLaNjg/1mdmVMtYMCW9FxmoSSJp+RAYL4="}},"dyoBCvI1ULSKREOAmRqmGhVKY8EYx7LaWUf0UkAhCE0=":{"valueMac":{"type":"Buffer","data":"oFxK+eHddCfwOvOK0VGkOz00m3kqQ8wnUky4dDcYEtg="}},"JHOitSRBmhPZ9Hdjx5JL2aM+lQ5a3f/qZK7p8psyJ2A=":{"valueMac":{"type":"Buffer","data":"eIWu/R0nyljuP+E+eifoysCu58mVqYngJvW2JWLp64g="}},"8RFz+c1/POvDIlGztNHHQCV2qVN4dB7euBmAASN15Uw=":{"valueMac":{"type":"Buffer","data":"2r9yKtNycE5ak5bBAXPgnV58tCXZLtd8AEs/t2KvfA4="}},"mioAwuQy/+pb1XyHrUy4efUWKtMuxRoaN2S1C6IGkyc=":{"valueMac":{"type":"Buffer","data":"3CAvGBoik5HLytxaIPe5jTIB+DsNfBZRlj3DXDAuAmw="}},"ToqCStfubcPMP+fpR/kp3kjtj039e4QtNLPHTrTkDBs=":{"valueMac":{"type":"Buffer","data":"GEQv1ytcFbvZ8S4ndb5eMUOEH4WKTjdRGCn0DMM5/rk="}},"QtlFCtLAVMB8rEEPpZ+XSDaYn3ebHIk/LO6h+KfByps=":{"valueMac":{"type":"Buffer","data":"qSBohtDSE9TTZInNnE+Wp6+wv+v04l47BFIn7oFsiVs="}},"zQoE3f57XuJ7T9ZYs++TN7NKzjmAUEBuN9rK2cIiHtU=":{"valueMac":{"type":"Buffer","data":"GAvLG8Omk6aeOSxvIpPFVdZZzkuidySaJFA1JmTlaw4="}},"/oMPYxQDD+fFE+WCEfVEMnZjOg0m7zv131aRWDNJKPk=":{"valueMac":{"type":"Buffer","data":"5dfKh0NXRw9PcTeXcGXSoknZc0mzavXDd+6BSXr9d30="}},"9VcFmKBuqL+haNfvvOhj8JeRpYumWu4/JLAA8cxdTQQ=":{"valueMac":{"type":"Buffer","data":"qwYdEcPp04YF8A+RM1VRvn7J8kveDvIr3+831jqPBxA="}},"OpVIDjUZIAhTvE1v0U2MhDMMr5irHfCKDkjYgT9Pe7E=":{"valueMac":{"type":"Buffer","data":"PYLmJBnpySxS3TnumuPxYIXgTaz9Z8eZQTdKLzDaGTY="}},"16oLysT0auHdvJIdkqWZGPAVJjs0ly4JdgIlpb7i9IE=":{"valueMac":{"type":"Buffer","data":"vRhk++YSvKWYJzmIgvVzWze6J7rZEwdXwtuJxIlx5LU="}},"VlM9NdFAwK/M5Me3mlLFGWMmdplBp/v3fKE0dCSAf0s=":{"valueMac":{"type":"Buffer","data":"sWAIvcabdjv/nKGet7+Mf8shZw1c2bIWBQSs+bQaJA4="}},"Bepaj+IRp0EwNuEeKPe3yUJjTZp2VARi8Amxa3Ne3NQ=":{"valueMac":{"type":"Buffer","data":"wmZzHFA1x273CD+pJlHq3LLRH1Gdw4+Ac47rNbYGehQ="}},"ay0MeAuNbY5kEV9PvUd4q1ycMW7PL24+RbCBfSOIqlQ=":{"valueMac":{"type":"Buffer","data":"GhnyJrgsqwnZ8vY+F8N7ZmbQrt/+njV1S0Sd0Ophspc="}},"0UOm3GY0A1mUjAtIfQglYQ8VEBdhdSnsRo/YGh3vDsA=":{"valueMac":{"type":"Buffer","data":"wniVuDcn0EQxfBvezzOhzRkuP0MlGUp7dx4UOALotl4="}},"VhUD7pWch5ewKyTJ2al9+OOO5Kl64VYTe2WGih3SEiU=":{"valueMac":{"type":"Buffer","data":"uCjM/Bu5YwdglcOYf+cnl1P5fTehHW5bAkwt8+Yqw2Y="}},"7f4m+qNh51enWOMTxRBUpcwu7tBarWpGnH55XWzR/VQ=":{"valueMac":{"type":"Buffer","data":"UFxpec5mOOPSFu2Mqakqry1N3OxVPykgqCp1ufTdtG4="}},"okZWFG0AaNjHdOGJFmKlJPvRA5uaSMiQBhvmfCkgOGs=":{"valueMac":{"type":"Buffer","data":"iL2Bo46i0h5YGMAsdugbVkLyZv2pXh+HJJgsMCjSr1A="}},"hjABDl03gDgMVTzMu1d9C8fIO3uh4xDWM6e+Xod6rkI=":{"valueMac":{"type":"Buffer","data":"9ZYa8RYMayMvdLd4bYh01qHmlmW6Lbdxvw+D8QSFbnc="}},"EdCwY+GFe9UBm5UmsxZTaO/goRdWuBFHIZToVg+QaJg=":{"valueMac":{"type":"Buffer","data":"N9IsjFJk8/GsfXIaKbmv7kbVgNpcmFTJqia2wNH2Cg8="}},"5kawKF/MiV0ivmnPTbpaFxX7WG0jKu6/w0EYatQ5Wf0=":{"valueMac":{"type":"Buffer","data":"R/A/vrzF3bQ0I0si8I7hQkluJe+LpB4Ech2wuXykJj4="}},"bP/4CryjJyCZJrnyeogRQj8EpRN6P2KJ/BcvFXmkbeY=":{"valueMac":{"type":"Buffer","data":"0vGDU8ETly/RUSDY6t+H7Pywg3tQMZdwBErNSfakdQY="}},"IE7wRdYVZjjKpF/uT0a9SLayrQFgrp75Z+n/hLA0ElQ=":{"valueMac":{"type":"Buffer","data":"8+l3WOLeXZZVHLVvDfmxJQecPR8jaWakLFQ9OvrH4J0="}},"AvvGxXDZVPwYMjM0K7z+jFWppwhZDPkbavpDwkrmlMM=":{"valueMac":{"type":"Buffer","data":"BeKKGYe/r9i2uDhq3K+HfzIkFAHKi7M2H+bxL8hSbxM="}},"ZnKFk+W30HXI3oJ40AmFPL6vAxfjNhC4tFfV7rFY6/U=":{"valueMac":{"type":"Buffer","data":"QkWp38QokQfCwxQh6rjt2+iALmSq6ZCA980sxQ+M45Y="}},"S3b9exCacGpbSiTzGj95/S+QsRsgnMj2cvnQ5aa37oM=":{"valueMac":{"type":"Buffer","data":"0VsfNlgN5fp2BcumGfUeuYsMb/0Yz9F4TQYzQP9BGMY="}},"jtdE4wQZ94yMLdrjJ+MQGYHTrnfb7AQ5egEd7cPZEQc=":{"valueMac":{"type":"Buffer","data":"g5TpLTF4rRASLoCj/JDmoShKiNpbDMLqHpvz1/MdDUs="}},"3znnFdim5dOKkHCfxrjUx9QURConoUhKW4hLecHTEB4=":{"valueMac":{"type":"Buffer","data":"k6R2pNpktuhlnLg0QbW3COKwMbMxReEdpiQQ+gTuS4M="}},"axV6BUXywpCQmfljGK83Xf5Q5BLznWdmn40TRckfRzs=":{"valueMac":{"type":"Buffer","data":"q3YfdTWrcTbkBmAuOFTjowDwrzfS+9a3LcwsJ5+wLGM="}},"m3zynyrWq2NehpXr82riQTrzZsD27gzuffzuzjETew4=":{"valueMac":{"type":"Buffer","data":"Nj4atHx/DVyZJgd7APhKm1aP9gOCqkOCU7jCc4cYyWA="}},"kdutlLPT4MaKmGQUybJcccnl4NLItd/aO/xshH8BwCY=":{"valueMac":{"type":"Buffer","data":"OinDvqXQ/pfHDsFijgPM3ZkpsLRMM0pECyPUJqcmNsI="}},"9yM6hhk8dRTGEUfYVmxpwEBstI2xi/3g9Ud2B0n8xCg=":{"valueMac":{"type":"Buffer","data":"maRtj7Q2DpeBoIUi4j3WJTbZuLgPCtqEIwgF+gs9nbc="}},"3lIcX6n3wtDJZGYxFsc8Z4dSItvH8UqzcmIiwXWfwx0=":{"valueMac":{"type":"Buffer","data":"Pa+gBsD0nZq/CLgnXkHwfH//JzsO1o80IrMryurnb3M="}},"kJRyAOXtN0wtg/qTJCW0mDzxCr3UaFA3HiWCCHiqciI=":{"valueMac":{"type":"Buffer","data":"o4bY7qRQHDbGwW13vc0aM7AMfd0GvY0F0xU1UlAdHkE="}},"mlr+JeriDVSqDVba27ymd0NRFPGFa+CjOTZnPcbNoMY=":{"valueMac":{"type":"Buffer","data":"jr2JzudpS7Y1QEmFGdvsvy9xXrcKYYb86hQHCGcLbps="}},"jhEuUCwsQduxoLE5FsJNoCpsDppGGIz9g8l6Iqs7p1M=":{"valueMac":{"type":"Buffer","data":"0VDFO2u7XGIG2LgpQUBWNJGIMCX3oJ9QZsjoxMr9u1I="}},"WeF6T7INXJOMA/zKCnUIO/8r8rnjzDdpLjjXOaXHMbo=":{"valueMac":{"type":"Buffer","data":"nagPr7upZm0etAsGn/zxl1aiTHNb/ofPlITbhlEwYXo="}},"apdFmUf5XibXroqA1ISC2JEhzF5pQlOPl2tlCgq/uOo=":{"valueMac":{"type":"Buffer","data":"0dd5nkwMDBOf9adzmeYx+hiF5QmDliK+3DvjdnSlW4k="}},"B9jwD4GJ4EDM19qzPumexVzcmZ/UasBTLti/bJA3WAE=":{"valueMac":{"type":"Buffer","data":"dY1KyLOk1CcPftVJLilEVv6vw7K/smUhrCRJUe1yFag="}},"TEd/zE5N7NVq3UHMwjWvqW/XM0VT2kQH/W4TxfjtSLs=":{"valueMac":{"type":"Buffer","data":"hZTdkQKw61V56qVPhW9VmLJGuomvtN/Pfwff4EIjRK0="}},"sk+XvMj7O44KCQxbONccf0jdVNXUqLIdlFP/ESwSsHE=":{"valueMac":{"type":"Buffer","data":"wdQ/5zBfpM/XvWOXdoTGvFA+rZcT/qt+cbHj+isV4Bw="}},"bNC0yI1PKiXchek1gFMOc/qOvOEfEVf9/UIzeGnvexQ=":{"valueMac":{"type":"Buffer","data":"yq7PDsUMKrwdLCJzDi2IA8taaBPw63rD829GWmd6X6M="}},"67jJlJgmbqT7VuyDMAwNah5fRWZmQ9JRMGQB0LeiIyA=":{"valueMac":{"type":"Buffer","data":"3znh5Fmn5v2kUXiJPFu7WVD8ASj39OgNBY5MSZaxjwk="}},"Wea3Saiq/GApPeRpYRMnLyKk8PEMClwrbuSl8CSW1pk=":{"valueMac":{"type":"Buffer","data":"dflHE2KwuGvg76pPvajksk7uvxjNnscmZPiuM2FGctU="}},"HYsx/6m/YYRFSSnAUprb9oe7eu5/hgUp4Dg52A/9u1w=":{"valueMac":{"type":"Buffer","data":"3dLavEGtKm8kv6p6nIQG0tzeBTKQoyTFRUzsYqQ5M3c="}},"kzyGi+OLi2zXegA9KBcLZS27SXC9WRIKNuw/y5tQ9uM=":{"valueMac":{"type":"Buffer","data":"CiFBjGOSmzH8rNobH9W0oAcZurmEW2oWwtTtc4D0cLk="}},"6/d2By1RN8ld+N6vbJaHfD8uAqq0k+kUuCkz7uhmBhs=":{"valueMac":{"type":"Buffer","data":"60j8aNsOp10dE5YX9AhVKxThm1pYgZuz8ZuB7SsUqvs="}},"hsgkFpLaazSSTjusET+vtCVqJ8vwG3/tWii+j0ZZk/A=":{"valueMac":{"type":"Buffer","data":"ZSZgNxlEgGpaDICmiTA0oYUfrlMaa/zQWhZAUxF6PCU="}},"vEhvtr/6d+WbaTEBSkyqUhz+yAEcfgpyfpyasRsxAq0=":{"valueMac":{"type":"Buffer","data":"YoNMEgOLb6h71PeDmYEgm4ax/YmMlWztBjKucvXLccU="}},"LyBljIh3/AMeK7zd85PLCSXYbDAmV8MX5pyagmqs170=":{"valueMac":{"type":"Buffer","data":"V+9VUh5YcKVqlwQ8U+q8aw/TB36cLw7HSS6+43uXpxc="}},"wQoI9ZPxizcwrr1y78F8tdq2hoOenZQrb0lbQsUJUFU=":{"valueMac":{"type":"Buffer","data":"Fi9Q6YAUFDt92nNqvsyhqfyJPCmrBXNPpWSt+zsjKFo="}},"jLtoTTkfy1o1C2osWozcJezjnkenWMgBlWRcF5j2Eu0=":{"valueMac":{"type":"Buffer","data":"CmTE1AidMD4rwcVwdjNVi/3KNywYbDYTZkG5xqWc1Gk="}},"YXntPjFE471N16vqYVgONZkXFKkzyERSKbBaSRxSG2Q=":{"valueMac":{"type":"Buffer","data":"NK2F1pBzrylx5G72OCpOUVV9Yvm0T44ROAebJdrStyA="}},"4sSep9xcaRdeE1Rj5BmlBQzzxGdpR6ZqHa0awY/CxTc=":{"valueMac":{"type":"Buffer","data":"uYBGRFw6m2PkxcLQqahotBrJ2xXEhZ9fqzcDT8wEBaM="}},"qyFuRzaWiPV98x1krZOu2b4W3wEZS5hzQPwEk5HA++s=":{"valueMac":{"type":"Buffer","data":"IO+jlHBywcNK4vMqWaSEM5bqX8sTnA9XvIVRhOQfRpQ="}},"e0DZpyF/oZhuX1oMhfrmfR6ulvk/FgQ/LRDyrRGn+Hs=":{"valueMac":{"type":"Buffer","data":"xQbFqV3P2efMufQ6ckud4n9Xb8f0pYrT93p/rBk5lDU="}},"iMwyMjBwk9/T6kIEH0efypdH+AV0ZSoy4jO8FD1zQI8=":{"valueMac":{"type":"Buffer","data":"aQmBhthv+UiCqGN1EuKd7BXeqBxGlamwZrKhz7GcikA="}},"+oaPxpdJZKdn744CQbdkatuclEb4YEmeOHsRS1uubPk=":{"valueMac":{"type":"Buffer","data":"OQ0q51qvfFeJynXznuSGtHgftrEzGDMkr2UBdWCNr/Y="}},"UIGfNnkQ4nHm+4gDCq6uUM/IRFQfcEonVDFXOMCJfFw=":{"valueMac":{"type":"Buffer","data":"uL/fW4pxjWrVnWJf2wQcWGgIiFbkogu7347F+qd5kec="}},"JOis4eWrUljksAfsu9TkZ1+L6z1OzdiGzWvxd+swlXk=":{"valueMac":{"type":"Buffer","data":"FesWxV8Bvchsp18sorD/JAvKHUZDCrTZl1cGw96wg+8="}},"qtlgi+J/9PSW3hJaKPKNG9zSAjxvRRbQmAln96Z5CLc=":{"valueMac":{"type":"Buffer","data":"dnA9v4Am1FVohWdJ7RDp17/MOgCmnkiLKsNjBE9SBQs="}},"PsNTfUFICVZ+bizOdhoJgLbe5/6BsdCtV0JhmbJLO2U=":{"valueMac":{"type":"Buffer","data":"h4MXfMRAUls/nyduNtFxswGV0lD4Es+MYdp1bnXJ71I="}}}}