{"version":52,"hash":{"type":"Buffer","data":"NQ4ORmAGqBDxXFNJL4n3JUgpy+o37uWS6ww2Uzeyms0q/ewDKyRDaODnvgFygoeb6ZK0UTlbmxjNBvtAboljQWnP2bcHu0+V5/+jteGD7251f8x2L1F0oD2VYvSA7nNNrulisl/jaZKztBOVEux6/bo0I6MSKKvnkX924X2tpXI="},"indexValueMap":{"29ClbbzaVHwcPHcQiPi7cM0FcPAuh3v2rMs1JwZlWOM=":{"valueMac":{"type":"Buffer","data":"9Mo+QG798OoXuwKITde9x4RnhHO8EZ99gYv6FoNrOKU="}},"4uI86svFvn3BrgWHndeS3SpNj82zVmp7YZ2LZZ8S/sc=":{"valueMac":{"type":"Buffer","data":"8BXY1CZMQTxSXyGyZU5Aa//ZqLEZ3LYzou+Z02B9XE4="}},"9nU7REx8DVDRrgmZU4AlPdtoA4S1NJ0sU8QnRolNSLM=":{"valueMac":{"type":"Buffer","data":"c5h4EPCvfxmTImQX0GGzVzZNbrBWAuNsZbkV7Pq2Bbs="}},"LG+qfDJ6Tgs4M3QqQR6DUEjy1LMygTfjfl6UtthyNEY=":{"valueMac":{"type":"Buffer","data":"H8G8yvLPIjwbFhJy1DYv18Z2LAV5Fdyx7vIDeeJznzM="}},"jltogdLjCRGs4CMQzxDA05Cs+zzxDLIyLd2Yy/I9cF0=":{"valueMac":{"type":"Buffer","data":"bsUNYwMct+cQQyWSo8ogQOIUEekYW5QdTl3CLRp1eEY="}},"2N8tslywIAHbA2v+qrk2m3bOQ4ULCmyzsBzVT3LzDIA=":{"valueMac":{"type":"Buffer","data":"u/xeWzGNxqgxMSY15L3E4ijenP+CVjsFM6WaX9fmE28="}},"w19GwfRvg4QN/p+j5noWZ7mD50ms1fEzbTh8lg+91DM=":{"valueMac":{"type":"Buffer","data":"zcu5Z8QpdbkkL4GLEpglBgHd7iqyognfS6MmdYZO7iY="}},"7J32izKmqhl9OkJi119shCXuLt03MC+jsdRMJBZox48=":{"valueMac":{"type":"Buffer","data":"2aZswFSx29h4tRti+CRDK/hHUDhErzC/eHRmrsbe2So="}},"LjMXMRUgeA4BEa9e8rkJgxJCuDrLfomYlgR37L6Cc1Y=":{"valueMac":{"type":"Buffer","data":"eYtDfcYo6axXi7QKZslRoytQr9cSdW5Jtd+2lG+KC+E="}},"RBFURY++OZNLTeYPbaENvGzfSp40QiI8sYBjmDKk3sc=":{"valueMac":{"type":"Buffer","data":"U0DtqaW7whduQkpiBYiWumXXKFq49GRzmCjP9T1JBwA="}},"UUMjHtZ5WPfOQ9L3rR9m96izsITMz/qwjhXalxe0lfc=":{"valueMac":{"type":"Buffer","data":"NSS39bR93yXUDER32Bgc0lgvK/Szn4qoBlyjcTi4TjI="}},"AzIRhwbJXd6jP9kkUzXXmmYjhS4YE6oBhyvA1oLDwiM=":{"valueMac":{"type":"Buffer","data":"hwuQpPZeHHAr/Z7vyfgGEipCxvGAO4kLnJ4wjfIU1/8="}},"elp0p2O2M/nAbTd5djl0hl0hRtFnZwdC3sCc4EJ8JTU=":{"valueMac":{"type":"Buffer","data":"zqhtVOxrLA18GTFFhVRkc23RVc8l/WKnGwI6L/fD20g="}},"DOf2ZIxT5kE2Zmimbxxw/kPcb0kowN8++BRZXCXcFTo=":{"valueMac":{"type":"Buffer","data":"9M3xJF6xRKvLBU0E+cZrx9x61sVwbY7l849J9QtdodU="}},"5A761rVY7S61QMoPztqChGjnGkz+ztNzepTms1/Zj8s=":{"valueMac":{"type":"Buffer","data":"ppTgjkjpNvGZGYSk8Q2Flby9MKf/WtLsVZ8eqqWmHIY="}},"oy8U+Fw51ErF6D0nBE7+/TZK+Fvo871bwGd6Gk9soT4=":{"valueMac":{"type":"Buffer","data":"F2QnxgtQSdOfL/NkJfq3LFoSgAee0xGPx95AWep3EEI="}},"Wy0VJSSe3+AsvaKpTBjcxAS5ecTJOsHI5hUegEmA8AQ=":{"valueMac":{"type":"Buffer","data":"hbC5fw/9m7yp6P5lqgRi2OiN6gGaAcIlqBYuH22Z8AA="}},"0Q1cS2fGAxGObzPQsRcDn8d81OJRToRyN+CuVs/vWTg=":{"valueMac":{"type":"Buffer","data":"MwKYjS/m3ONu8bDVEOqyLILcKg95YZzkBoSn3/kS3S0="}},"lySiW/vEspAOWbYZ1fCfwrKO9VkYgZbCw5207kdCCz0=":{"valueMac":{"type":"Buffer","data":"G0jHaC7FC2yxTK0pYD/qx0NvpJvDFwYqwZbYf36yOaw="}},"hg9B7kGYTE2OtSzKg7+gIKsQaUTFa//hINZ5NR0xl8g=":{"valueMac":{"type":"Buffer","data":"uTxzqF3l0EOEZvkEL9YYDaBhu7DoR3L43AblxTwSb4g="}},"6dUtQBlVDAMNmgYhStmEuZZI+bJDKfly194kERAEzNw=":{"valueMac":{"type":"Buffer","data":"t4UVtqi5WjnC8/f2ZBqcFpx8ATaRU6orzPN1QOaBA4I="}},"P499VITC06uoxSuXVF6NockN9YR77IijtgRcoAaEhKk=":{"valueMac":{"type":"Buffer","data":"NVdV1/BvdIGZK2JYSW0fByLLaALZth/0I47grCK+aeg="}},"eFZk/I8bn3bRkSP8TNJ/vxohTK7wsdo8HK7gYyT4a94=":{"valueMac":{"type":"Buffer","data":"LnHFV1Cs4QPIkxNGsMpMa0i6feMTyVilz2pvLOQWTM8="}},"7NDEcF8oOB9gGMt1F/d1NZVtMFtFJvxKnj8Jt37l8is=":{"valueMac":{"type":"Buffer","data":"GmYaSS9jTAuqNpcvVulfSYVAR2yn7KKjoV6L+Resou0="}},"MV29vO9Qp6bVidfDEP7iidrXIogVVHunRHPbehyNGtU=":{"valueMac":{"type":"Buffer","data":"rjAH433tCCRemG5rDJN+sBH8QDJKvZqW1MPTHPcc1to="}},"ol63SeFsKPTiJt291PKP52mvlmcDJAsY346gEMIhOic=":{"valueMac":{"type":"Buffer","data":"kHIZDpv48rMemQUOqmARVITcEqnjZXXDr9xPgp3Nl1Y="}},"FImuHZ3YOspTi+MlUMOyYAcTAwFmHZBmvH76F7mqP40=":{"valueMac":{"type":"Buffer","data":"w6zexJehHJWTfBVwSkHNbrRQH32BW5Jwq07LTuKtwp0="}},"yLARMQt/6NUkeWjx/s7NLJH34MoobnKmAnmtI5kUKuI=":{"valueMac":{"type":"Buffer","data":"LpeYZBILSWSSsi+Bqqg+6N3VEL4X7byUHCUK4a3/UYs="}},"ZpmW5nGffD4auVofcT5C3Oi4e/RPEiqZ/Q+HfVVRYV0=":{"valueMac":{"type":"Buffer","data":"lcrK0sH3mDQhv2F+dLvDaffrf0MPHXIIFz1HmNjdnK8="}},"Aj38USxZ1ErroCxEgf9Oc6yo4VGK6Ix8JnBFOxOJDJo=":{"valueMac":{"type":"Buffer","data":"pnmfab/vUwgbRhBPlUnRX1esvNDK0U5wDtmALHbQZBU="}},"4uPpEhZRNjGJF8o9xOWC7VhZwp/YKbwAWQxIr4jkm0s=":{"valueMac":{"type":"Buffer","data":"xfnYDHydONkFPDS4qHgWj+jOtFf9oa2Z7zDdcz2CO44="}},"7ICyo+BWY8BnCMEknxL/6swAgU1ukBMmdst/JMierZk=":{"valueMac":{"type":"Buffer","data":"7MKxbPtgNp7avIsPn+z++TNaI6VfFOXNKSnSxcURMEg="}},"d7TGBufika2WVkECB3scADJ8MVzPMn3T5Kik3SeiXZo=":{"valueMac":{"type":"Buffer","data":"bAEqNPOjTsGqRiaOTYN4IeM4fi1+zT1/a1u+AruUBCw="}},"4/roS+0JPP/R+eU8z1Frps9Mp2uw6qf3kYHxNMHt3QI=":{"valueMac":{"type":"Buffer","data":"Fa+bx+47VXQNOIXqH6Cc+A+TnZdMIIRtZsVAk2riVek="}},"vs5z9T9QzU12VCb8dtRnR3nmTLKnjPH46AyDvYtrh/M=":{"valueMac":{"type":"Buffer","data":"TBzOg2oGCtnC7KwM0rRuFK63c25u9478xaj/PPIDdEM="}},"b4mU/AxetoGc+n401k1asloD/18U61rVsEl8MioxYNA=":{"valueMac":{"type":"Buffer","data":"zC1KcvBI37/Ks+eAWPqUfqu5LWtZ4gSlK9JNRtYyobQ="}},"vgWDm++aju2YXpuvLdmgKwSqYoYwN9RSXxQESduyXtw=":{"valueMac":{"type":"Buffer","data":"Acr+jBw+jtnVmcXEM47HRZTHSPqVpRF0ypy6Yk95kOA="}},"oxDUMKAHMn/tifjXCcruFntoRlln13oEdUbBKfzlqq0=":{"valueMac":{"type":"Buffer","data":"b9RuQDqo02YL5kBjzT9AJzBolk4ShfamxYgtWgdDS3c="}},"ZNj6eAOIFeDNScvwnMEHEbYnVB4j6DFUgvyHCRWCJ9A=":{"valueMac":{"type":"Buffer","data":"Wi28IWVQnV6VvRbqbooAcBXIMSXH82KfX6QUsEsDP90="}},"JPv2Cw3/l6CD36b/SiXz99d4odFYx3oGI7CgzJwCmpE=":{"valueMac":{"type":"Buffer","data":"xOFIg/iunYK1RWT1QeSRku4FWjIkcQTv+BMEzEDXhuc="}},"JTRJ2gUsseijjyHEVWaGB7mYRjXCnp2G0aBg3dD06LI=":{"valueMac":{"type":"Buffer","data":"vVgzQrYca9pnkJohx7QvzIy4TAW6NeoNszt7Ow+hbIQ="}},"JflYvCe0k/vPIgk/SZcQC7IKpyvGSFJblgR+oOPXTs0=":{"valueMac":{"type":"Buffer","data":"oFxhtBxylgnCqjfCgsl5gzZEVB7shUM0wl1PwuGF1KY="}},"CwmU9wLrk+XLXPxP6SNng8h7s3grVXwC1H2qjCGy3XQ=":{"valueMac":{"type":"Buffer","data":"uow/qNLzZeIcNH5/L9h9A1pGz0vSGQClF7dJjU3c4YY="}},"zHM5a9V4Ha1OYgtxog+aF1miJ/nGrq+zScPTeOzvWrI=":{"valueMac":{"type":"Buffer","data":"rOkOcq/OyYGBI6XnmNaA1Epl5v78s4OzLzwG8FO6rrs="}},"g7F0bEkoqBE2HVzqy8c8yCo8KLJ8wLOWkcQbgfd5lAo=":{"valueMac":{"type":"Buffer","data":"jk8r3PWitzp7ehjNyHJywkBSKid2AZDOJhpE//wKyEA="}},"Ps3pOMRozcvOYB7uxu3UEgi4Ygl+dft4WuYpjFe5qBg=":{"valueMac":{"type":"Buffer","data":"2TlDjdC+3pXRwOwORkQiI4V0QDZhZMAm4DZzehW3Fhg="}},"1hfo5F59la5UF4neVESbZPbGDrXqHcwilaP9kIx1RdQ=":{"valueMac":{"type":"Buffer","data":"nuiLo8YTnZDYYc2ZgPzHpg9xo3Qud0l82REXYFgMHQw="}},"LxUq1S2BvCr7SD7lUcHei3lP+yW0XN1LutffOLtSmrI=":{"valueMac":{"type":"Buffer","data":"MyGC74KC9sdjjiQaSHbr8MWbzYuHsFeiHlaUL3iRsOU="}},"jdR+mAs9nkc2dz1+GbzhQ58Ac96gXn6ED5D5gq5+NLA=":{"valueMac":{"type":"Buffer","data":"5dUGG4g5MOzD6UwK63OBdZkQaG/oalLPmPe+zik/F2Y="}},"JO2fgFf8auTeoG/zelIqaOCTK7tZHibqYy7icyOFZ8Q=":{"valueMac":{"type":"Buffer","data":"Z2BSOYLkPkj94iY5JOcXt6BbMAcS4gISHLrGtpse9+4="}},"dJ+C3j0cZTD5xMU86WdBuMiuDRu9nYUWT1taqiwNymA=":{"valueMac":{"type":"Buffer","data":"wI+aD9sdWy0wouiimLvgsbS2XfaiQQTSlgdmbhKrkUM="}},"1SSqdNLoMZb5n8hTVgumXsCT7fD3m/9YPDug5nWbFR8=":{"valueMac":{"type":"Buffer","data":"diYlJ8fMRxb9dmCax/oVjF2gmV3saY1o67vzRLWRZ84="}},"S0DlhM1a+4irEA5+V/oNmKAhShFj7sRMEpxPxLtyS60=":{"valueMac":{"type":"Buffer","data":"NeCE+te2kIa66MikKYDfCpaWn03eOvyfqLSwD2nEvh0="}}}}