{"noiseKey":{"private":{"type":"Buffer","data":"cO+tiZ1pDzBT93ghPqW4BibGeyRrYu49HDfhGzEs71I="},"public":{"type":"Buffer","data":"LWebYXW4/odt/zfwRgkgi+ai/6vowkyoua7DiLGL8xY="}},"pairingEphemeralKeyPair":{"private":{"type":"Buffer","data":"4IW61CZC7r78sBOzryYQ/iHhRLgHy6mB6bacl9iGqmg="},"public":{"type":"Buffer","data":"sM3Tb1GaXqdbindBQ96l5vhIvkD682tcP/A3ifhuCi4="}},"signedIdentityKey":{"private":{"type":"Buffer","data":"2MzEySTliQDLrWpVFh3znFWQGeH+MbCyG5rQLFfOtFU="},"public":{"type":"Buffer","data":"X86gNZK/Ah06mzCKkeHRndEi7QQqiOQMpTIW6ZLBEk4="}},"signedPreKey":{"keyPair":{"private":{"type":"Buffer","data":"MLkhjx+gUbdkA1P4Il96atFjCfL3dTRqFLtTu8p4vmU="},"public":{"type":"Buffer","data":"11j35CLiDYMg037+th5ejc3VqEXdDcTjalt5n6MN9xc="}},"signature":{"type":"Buffer","data":"yxKNjOXeK7HKSVA3kd/a6xvuERAlEs8njxTvaX+CUN7atg1OIiWtKcMAVuLW2iff1+M7FZJfBGaiu0M7yQcZDQ=="},"keyId":1},"registrationId":114,"advSecretKey":"abxqHZKUiRxZ52fB7kqtjmMW5AmSJl87yz9dJ8rLU0c=","processedHistoryMessages":[{"key":{"remoteJid":"6285124207848@s.whatsapp.net","fromMe":true,"id":"AD4766F5CF4255D72C95F6CD427976C8"},"messageTimestamp":1751158820},{"key":{"remoteJid":"6285124207848@s.whatsapp.net","fromMe":true,"id":"9066C43C5F42227C9FCCC62E13FE8590"},"messageTimestamp":1751158822},{"key":{"remoteJid":"6285124207848@s.whatsapp.net","fromMe":true,"id":"82A04D7712B5FF7180E162FF6594667E"},"messageTimestamp":1751158824}],"nextPreKeyId":439,"firstUnuploadedPreKeyId":439,"accountSyncCounter":1,"accountSettings":{"unarchiveChats":false},"registered":false,"account":{"details":"CI6FnrUBEJuggsMGGAogACgA","accountSignatureKey":"Byu4Slb6/z8T4v58dzhlysBTj5qUbCgUpRxDXwL9pTY=","accountSignature":"FfCXPJYIOo5V+CNSDIwsIrKTMhazVo0tmPMIh57na4GpGx6PcmYfF1PFt3D/xSFCeb1++WwwqhAphQubzX32BQ==","deviceSignature":"2Tr/lf49txGvabch5dpFYJQLHKLJrVzjYSnKXyMsLrYDDDNv5h61M4sHoaeNPht9qYRAPP5cL+L/QObMK+2DCw=="},"me":{"id":"6285124207848:13@s.whatsapp.net","lid":"7104446333133:13@lid","name":"Muhammad Amin | by.U"},"signalIdentities":[{"identifier":{"name":"6285124207848:13@s.whatsapp.net","deviceId":0},"identifierKey":{"type":"Buffer","data":"BQcruEpW+v8/E+L+fHc4ZcrAU4+alGwoFKUcQ18C/aU2"}}],"platform":"android","routingInfo":{"type":"Buffer","data":"CBIICA=="},"lastAccountSyncTimestamp":1751159129,"lastPropHash":"3R9Z39","myAppStateKeyId":"AAAAABgM"}