[{"senderKeyId":1452031153,"senderChainKey":{"iteration":17,"seed":"alFIKya2cqx33JhwDL6YuvqPdeD4ELlDsoGCCAshe8k="},"senderSigningKey":{"public":"BTcU24sjKkwWVf/goQlfCcWeXGGdjDgfQJtlX2bQC8Ya"},"senderMessageKeys":[]},{"senderKeyId":1452031153,"senderChainKey":{"iteration":1,"seed":"S2X+w9IVrNW3NN0jYI40747Rl2rkL3tnjR5MNvuUcNg="},"senderSigningKey":{"public":"BTcU24sjKkwWVf/goQlfCcWeXGGdjDgfQJtlX2bQC8Ya"},"senderMessageKeys":[]},{"senderKeyId":1452031153,"senderChainKey":{"iteration":11,"seed":"uDBaJIn475E44adjouitmh/8rRbHCtFTx4/mIFH9Pqs="},"senderSigningKey":{"public":"BTcU24sjKkwWVf/goQlfCcWeXGGdjDgfQJtlX2bQC8Ya"},"senderMessageKeys":[]},{"senderKeyId":1452031153,"senderChainKey":{"iteration":13,"seed":"/vaiAAEplnic2Hv2piIbyTTl45WoJDwhLzXOhFT1Doc="},"senderSigningKey":{"public":"BTcU24sjKkwWVf/goQlfCcWeXGGdjDgfQJtlX2bQC8Ya"},"senderMessageKeys":[]}]