[{"senderKeyId":447907487,"senderChainKey":{"iteration":1,"seed":"m1zysIt6md3b2jv53D8WTYckk4f8sGCDw0Fm6B6oX3w="},"senderSigningKey":{"public":"BYPzUoLnTZmUcrG/o1F9gefUgVEVRyb+aGmy5nTyuh1Q"},"senderMessageKeys":[]},{"senderKeyId":276772369,"senderChainKey":{"iteration":4,"seed":"rPguqXB6enYSgwcToq+Z3zBdNUHew3srH11bQS3QGj0="},"senderSigningKey":{"public":"BdYXG3ZdtXvBKTUGrOE0WWG/z7irJ6vvsQmyj5dgU7hv"},"senderMessageKeys":[]},{"senderKeyId":276772369,"senderChainKey":{"iteration":0,"seed":"NZ3CYhQSQHQ1EbqWO+Q/wctOXhhPxX3ZiTwHgZibl5k="},"senderSigningKey":{"public":"BdYXG3ZdtXvBKTUGrOE0WWG/z7irJ6vvsQmyj5dgU7hv"},"senderMessageKeys":[]},{"senderKeyId":276772369,"senderChainKey":{"iteration":0,"seed":"NZ3CYhQSQHQ1EbqWO+Q/wctOXhhPxX3ZiTwHgZibl5k="},"senderSigningKey":{"public":"BdYXG3ZdtXvBKTUGrOE0WWG/z7irJ6vvsQmyj5dgU7hv"},"senderMessageKeys":[]},{"senderKeyId":711824258,"senderChainKey":{"iteration":1,"seed":"NU+ii/LENxkkKji8dWDqGZ3917CPTqPXq9SEbtTKiiY="},"senderSigningKey":{"public":"BbhVHzPkBacyIKqSFhgsPNRwC3FsUphaH/JV8WPW5Q0e"},"senderMessageKeys":[]}]