[{"senderKeyId":1652580501,"senderChainKey":{"iteration":3,"seed":"vf4ZNJPUtwx56rOiFFtw/C3MuiiTLwXH7n7f80Y+e3o="},"senderSigningKey":{"public":"BfAJfaLijMVaOXloQR5g+1fNFjp64iEV1QbImUuYDnRJ"},"senderMessageKeys":[]},{"senderKeyId":1652580501,"senderChainKey":{"iteration":3,"seed":"vf4ZNJPUtwx56rOiFFtw/C3MuiiTLwXH7n7f80Y+e3o="},"senderSigningKey":{"public":"BfAJfaLijMVaOXloQR5g+1fNFjp64iEV1QbImUuYDnRJ"},"senderMessageKeys":[]},{"senderKeyId":1652580501,"senderChainKey":{"iteration":3,"seed":"vf4ZNJPUtwx56rOiFFtw/C3MuiiTLwXH7n7f80Y+e3o="},"senderSigningKey":{"public":"BfAJfaLijMVaOXloQR5g+1fNFjp64iEV1QbImUuYDnRJ"},"senderMessageKeys":[]},{"senderKeyId":1652580501,"senderChainKey":{"iteration":3,"seed":"vf4ZNJPUtwx56rOiFFtw/C3MuiiTLwXH7n7f80Y+e3o="},"senderSigningKey":{"public":"BfAJfaLijMVaOXloQR5g+1fNFjp64iEV1QbImUuYDnRJ"},"senderMessageKeys":[]},{"senderKeyId":1652580501,"senderChainKey":{"iteration":3,"seed":"vf4ZNJPUtwx56rOiFFtw/C3MuiiTLwXH7n7f80Y+e3o="},"senderSigningKey":{"public":"BfAJfaLijMVaOXloQR5g+1fNFjp64iEV1QbImUuYDnRJ"}}]