[{"senderKeyId":953224788,"senderChainKey":{"iteration":51,"seed":"m7CY8TrPaqz0c0ZJtPaBChqys2tc48JYIn79L8z3VnI="},"senderSigningKey":{"public":"Bdhhk9fZWCn/E8CXI9jU8SwYlI6hKRwbuxIC5CQqrCRe"},"senderMessageKeys":[]},{"senderKeyId":953224788,"senderChainKey":{"iteration":1,"seed":"oFvOTFAg9VETHB3rsi21Ox5jNt244YJSYezhhlQwIrY="},"senderSigningKey":{"public":"Bdhhk9fZWCn/E8CXI9jU8SwYlI6hKRwbuxIC5CQqrCRe"},"senderMessageKeys":[]},{"senderKeyId":282754847,"senderChainKey":{"iteration":9,"seed":"SEw1kIohH0kYbAR4ipVOnK7WfnmWzfDUmm8qUPPchcM="},"senderSigningKey":{"public":"BfoV9iAxasX8zlDrn1xDAXeJbNB3H/W5g6F0n2oEaQhj"},"senderMessageKeys":[]},{"senderKeyId":282754847,"senderChainKey":{"iteration":8,"seed":"qEoZ9CryAqGgAGbZaQTzKlcg8zshH7EN/iKMSYMJwwc="},"senderSigningKey":{"public":"BfoV9iAxasX8zlDrn1xDAXeJbNB3H/W5g6F0n2oEaQhj"},"senderMessageKeys":[]},{"senderKeyId":816837628,"senderChainKey":{"iteration":24,"seed":"5RwBz24mAmg8X5pBnyBX4/EUBdWHkNFIHJSBH8Jwn7s="},"senderSigningKey":{"public":"BZgKCbqkudRgqhkFYf+Iuuv4zluKZPhkbhlEnCjhNswk"},"senderMessageKeys":[]}]