[{"senderKeyId":1351463531,"senderChainKey":{"iteration":6,"seed":"J9EH+zWuJHMGcrk7W0F548hPmGemeRke+WaFUMgepaE="},"senderSigningKey":{"public":"BZHRdQhfgafwqEbIi7ZNI13VqhYgdTsLg/o1rwpS+awL"},"senderMessageKeys":[]},{"senderKeyId":54339979,"senderChainKey":{"iteration":42,"seed":"G9FqaVswVs5xou8GWd9Y8k63z1ojAekKBt+JGcXlyqA="},"senderSigningKey":{"public":"BayClHYo9E4Wz6kJFqLHWrbxUmW4eEn+Y4d+hud6hoUh"},"senderMessageKeys":[{}]},{"senderKeyId":54339979,"senderChainKey":{"iteration":18,"seed":"EcrG7ngt69wsg2LaWJhVqRy5QfXTMRMGstZ7GiB0DCA="},"senderSigningKey":{"public":"BayClHYo9E4Wz6kJFqLHWrbxUmW4eEn+Y4d+hud6hoUh"},"senderMessageKeys":[]},{"senderKeyId":830670039,"senderChainKey":{"iteration":2,"seed":"DsYv9vWaYeefa7/hHakSuvlDBwG+b3wquE06jWBYN5g="},"senderSigningKey":{"public":"BW9gHjPMxarB53dUN8UNWrKQGMozy2D+8lVn073MAPRo"},"senderMessageKeys":[]},{"senderKeyId":1123324274,"senderChainKey":{"iteration":4,"seed":"OEsXpL36WpwKr194/Na0cUhkGlUc4J4tqrcgmEmZ7yE="},"senderSigningKey":{"public":"BcGP019HrSzkUGIG6/odlY8qZGcPyNOwLpvdniJwNbwJ"},"senderMessageKeys":[]}]