[{"senderKeyId":177399642,"senderChainKey":{"iteration":14,"seed":"IHakSxKiTtkYnk+zRsUDQ2g2Cpmtmgh99DnQIRYJ7/w="},"senderSigningKey":{"public":"BUmbNjUnKQLCvze/fot0nQf/qjTsffZEacF/X1/LhqJw"},"senderMessageKeys":[]},{"senderKeyId":177399642,"senderChainKey":{"iteration":13,"seed":"f9/5ZKXgQ0RtO2JSRiOzReWjrjGPlGdgKruwIYW6KIg="},"senderSigningKey":{"public":"BUmbNjUnKQLCvze/fot0nQf/qjTsffZEacF/X1/LhqJw"},"senderMessageKeys":[]},{"senderKeyId":502509724,"senderChainKey":{"iteration":1,"seed":"ztQR2dbfefCy6yNiCsI1SvrB8pHvnnRHtsyhqRrKP90="},"senderSigningKey":{"public":"BfF3AmUqMTOMfQ0xmSo59+hqJgGP1rqApDmx5p9HF2VH"},"senderMessageKeys":[]}]