[{"senderKeyId":1968148988,"senderChainKey":{"iteration":0,"seed":"G3OZu0Z8072C9mADho8vW0czoStOuEqH66CmPJmPEkQ="},"senderSigningKey":{"public":"Bc2tm83Y1au0gI2e1RxCSA7qDKnhQz7mEHQ2nF/HZ6Z9"},"senderMessageKeys":[]},{"senderKeyId":1789857054,"senderChainKey":{"iteration":14,"seed":"DAa4ZYm08RLEt3ltKLVcBVQJ3RmbNCUxYxagVPhccqg="},"senderSigningKey":{"public":"BSrPhs9l6qdUV1kMBWlaq2PH5CwqaUQjghnTnNUElUhI"},"senderMessageKeys":[]},{"senderKeyId":1789857054,"senderChainKey":{"iteration":12,"seed":"PiX1m1Xr8VPVjvcyp0YNWSlmcDLErFyJD/a7xGCTIds="},"senderSigningKey":{"public":"BSrPhs9l6qdUV1kMBWlaq2PH5CwqaUQjghnTnNUElUhI"},"senderMessageKeys":[]},{"senderKeyId":846046576,"senderChainKey":{"iteration":4,"seed":"KXGZfd/Zr1GMUNfMpI8WUGwT2IGe+ihVWPCPAC7SF4E="},"senderSigningKey":{"public":"BZ6tPkRB6t8Fvrw6khtqWRC0cz/Eib2jqL+uhrWvpTBH"},"senderMessageKeys":[]}]