[{"senderKeyId":1675881349,"senderChainKey":{"iteration":95,"seed":"wqNjIywqJnoRBFA/Ot/l4sKiS+wc/PyN/YmuItAsMcw="},"senderSigningKey":{"public":"BarOzVHFBR4xuzyyRU4MjmwpH4vblFm2RSPGVvcDUGtK"},"senderMessageKeys":[{},{},{},{},{},{},{},{},{}]},{"senderKeyId":1675881349,"senderChainKey":{"iteration":87,"seed":"JbfYGIM98WFpfE7HXTXJ0ilJv5uu+ouceRgiW8hXYRk="},"senderSigningKey":{"public":"BarOzVHFBR4xuzyyRU4MjmwpH4vblFm2RSPGVvcDUGtK"},"senderMessageKeys":[]},{"senderKeyId":1675881349,"senderChainKey":{"iteration":89,"seed":"m6nukR+1VixtRE4M72nREMUp42UU0Z/O5ou8OGrJ1rY="},"senderSigningKey":{"public":"BarOzVHFBR4xuzyyRU4MjmwpH4vblFm2RSPGVvcDUGtK"},"senderMessageKeys":[]},{"senderKeyId":1675881349,"senderChainKey":{"iteration":91,"seed":"11M5ZFAE/3OjClJNaI+Sy39n9SdLNUsEiVfyd7rwkgQ="},"senderSigningKey":{"public":"BarOzVHFBR4xuzyyRU4MjmwpH4vblFm2RSPGVvcDUGtK"},"senderMessageKeys":[]},{"senderKeyId":1675881349,"senderChainKey":{"iteration":93,"seed":"IpZwjuk3VXGoV8Qc0MWZ5lfmF3F1aePKxXRjO3Fp6hA="},"senderSigningKey":{"public":"BarOzVHFBR4xuzyyRU4MjmwpH4vblFm2RSPGVvcDUGtK"},"senderMessageKeys":[]}]