[{"senderKeyId":1831075071,"senderChainKey":{"iteration":1,"seed":"jiWhOrFFu8HvscKP+49Szme8bFFhm6qXxsBpnEin4E0="},"senderSigningKey":{"public":"Bc7ARvlwrystvtlvTU/Bol7tkgSNjXFcxs8hBy7MffUF"},"senderMessageKeys":[]},{"senderKeyId":1831075071,"senderChainKey":{"iteration":1,"seed":"jiWhOrFFu8HvscKP+49Szme8bFFhm6qXxsBpnEin4E0="},"senderSigningKey":{"public":"Bc7ARvlwrystvtlvTU/Bol7tkgSNjXFcxs8hBy7MffUF"},"senderMessageKeys":[]},{"senderKeyId":1831075071,"senderChainKey":{"iteration":1,"seed":"jiWhOrFFu8HvscKP+49Szme8bFFhm6qXxsBpnEin4E0="},"senderSigningKey":{"public":"Bc7ARvlwrystvtlvTU/Bol7tkgSNjXFcxs8hBy7MffUF"}}]