[{"senderKeyId":1803457640,"senderChainKey":{"iteration":4,"seed":"JQ3PUIJBEn6ZatEf6Ic3JZLIC24OoqbDl3IvclheHLA="},"senderSigningKey":{"public":"BbZ4h9ZpE75uUBbEW+fxJSWNMe3yznFRgWjupH/l1LgC"},"senderMessageKeys":[]},{"senderKeyId":1803457640,"senderChainKey":{"iteration":2,"seed":"gXoPmMfO2DeD+wdWIFTTDbqIc1g5eKWO2vKJai7lXFU="},"senderSigningKey":{"public":"BbZ4h9ZpE75uUBbEW+fxJSWNMe3yznFRgWjupH/l1LgC"},"senderMessageKeys":[]},{"senderKeyId":398222674,"senderChainKey":{"iteration":1,"seed":"gU2MHWHZ4VkunDonwJUKbZSEJCFBQ2aijXIFT1Ty3hU="},"senderSigningKey":{"public":"BeTiYCy3hHGhXFdwlvKUYZbg0K48+Qb+fgGUsGXxaJJ6"},"senderMessageKeys":[]}]