[{"senderKeyId":1868307811,"senderChainKey":{"iteration":1,"seed":"vm/HVSkcTbqOTsgqWE2r++SZ3RsaPIYXsvfwx8wz5fA="},"senderSigningKey":{"public":"BXVSSB0lxY1lwZSeMU0H/SCrP+Ca4PMwTwAvd96NSX9k"},"senderMessageKeys":[]},{"senderKeyId":1868307811,"senderChainKey":{"iteration":1,"seed":"vm/HVSkcTbqOTsgqWE2r++SZ3RsaPIYXsvfwx8wz5fA="},"senderSigningKey":{"public":"BXVSSB0lxY1lwZSeMU0H/SCrP+Ca4PMwTwAvd96NSX9k"},"senderMessageKeys":[]},{"senderKeyId":1868307811,"senderChainKey":{"iteration":1,"seed":"vm/HVSkcTbqOTsgqWE2r++SZ3RsaPIYXsvfwx8wz5fA="},"senderSigningKey":{"public":"BXVSSB0lxY1lwZSeMU0H/SCrP+Ca4PMwTwAvd96NSX9k"},"senderMessageKeys":[]},{"senderKeyId":1868307811,"senderChainKey":{"iteration":1,"seed":"vm/HVSkcTbqOTsgqWE2r++SZ3RsaPIYXsvfwx8wz5fA="},"senderSigningKey":{"public":"BXVSSB0lxY1lwZSeMU0H/SCrP+Ca4PMwTwAvd96NSX9k"},"senderMessageKeys":[]},{"senderKeyId":1868307811,"senderChainKey":{"iteration":1,"seed":"vm/HVSkcTbqOTsgqWE2r++SZ3RsaPIYXsvfwx8wz5fA="},"senderSigningKey":{"public":"BXVSSB0lxY1lwZSeMU0H/SCrP+Ca4PMwTwAvd96NSX9k"}}]