[{"senderKeyId":1504909854,"senderChainKey":{"iteration":0,"seed":"HMWnyRI+UZ5j1nuZwddgwA+iIWyQdATyBdkfF3YvPz8="},"senderSigningKey":{"public":"BQczp8Y+8oWe6AfY6MQQQ8hGfjoi6bpPUcRnpu4JWg4B"},"senderMessageKeys":[]},{"senderKeyId":1504909854,"senderChainKey":{"iteration":0,"seed":"HMWnyRI+UZ5j1nuZwddgwA+iIWyQdATyBdkfF3YvPz8="},"senderSigningKey":{"public":"BQczp8Y+8oWe6AfY6MQQQ8hGfjoi6bpPUcRnpu4JWg4B"},"senderMessageKeys":[]},{"senderKeyId":1504909854,"senderChainKey":{"iteration":0,"seed":"HMWnyRI+UZ5j1nuZwddgwA+iIWyQdATyBdkfF3YvPz8="},"senderSigningKey":{"public":"BQczp8Y+8oWe6AfY6MQQQ8hGfjoi6bpPUcRnpu4JWg4B"}}]