[{"senderKeyId":422787556,"senderChainKey":{"iteration":19,"seed":"m9OCzW9CV4OwcSF8YmF1heLUegCQvye2Ry8UTWpJoT0="},"senderSigningKey":{"public":"BUfIzVBb6J10VB+YtR8rTqdkskHdQGk7bMcQhDZe4PZa"},"senderMessageKeys":[{},{},{},{},{},{},{},{},{},{},{},{},{},{}]},{"senderKeyId":422787556,"senderChainKey":{"iteration":8,"seed":"AjoV2JLrVUbvTOfgrvkaFSzURPhi3mdVCvbFi2p7+Lk="},"senderSigningKey":{"public":"BUfIzVBb6J10VB+YtR8rTqdkskHdQGk7bMcQhDZe4PZa"},"senderMessageKeys":[]},{"senderKeyId":422787556,"senderChainKey":{"iteration":9,"seed":"uvSHFFqJxAzx7YVPxFeSel9lxgrvklCa7n/EDClF0Sk="},"senderSigningKey":{"public":"BUfIzVBb6J10VB+YtR8rTqdkskHdQGk7bMcQhDZe4PZa"},"senderMessageKeys":[]},{"senderKeyId":422787556,"senderChainKey":{"iteration":10,"seed":"sTlllOD57rImjX9E57RTDtlzXkRpv1s3UdJ8/gav41I="},"senderSigningKey":{"public":"BUfIzVBb6J10VB+YtR8rTqdkskHdQGk7bMcQhDZe4PZa"},"senderMessageKeys":[]},{"senderKeyId":422787556,"senderChainKey":{"iteration":18,"seed":"WOv2fF1NOpTy6kVnCaa+4imIDEEEBxtJtOEE23zeKhQ="},"senderSigningKey":{"public":"BUfIzVBb6J10VB+YtR8rTqdkskHdQGk7bMcQhDZe4PZa"},"senderMessageKeys":[]}]