[{"senderKeyId":1890019623,"senderChainKey":{"iteration":66,"seed":"jx5/7VocwayS0CEYkMUTwLyY7+45MI1algPdlOGwRd0="},"senderSigningKey":{"public":"BVBDPyoFO7Bq1tKKrcqEJsJXwWOc5azRR1OelcDWZ+xP"},"senderMessageKeys":[]},{"senderKeyId":1890019623,"senderChainKey":{"iteration":67,"seed":"G7BNlBiRkZMEz8rj8xiCIoUM6+BH+wuSOm/ysX9XanQ="},"senderSigningKey":{"public":"BVBDPyoFO7Bq1tKKrcqEJsJXwWOc5azRR1OelcDWZ+xP"},"senderMessageKeys":[]},{"senderKeyId":1890019623,"senderChainKey":{"iteration":68,"seed":"BSKuOBBh21Oj0SzyqEop/9j31pVl5MHBs91DiHkjQO4="},"senderSigningKey":{"public":"BVBDPyoFO7Bq1tKKrcqEJsJXwWOc5azRR1OelcDWZ+xP"},"senderMessageKeys":[]},{"senderKeyId":1890019623,"senderChainKey":{"iteration":69,"seed":"TJAnoTv9UI4XY1PMxb4mVYV+3Pu+SZIOVW1OtY74ePs="},"senderSigningKey":{"public":"BVBDPyoFO7Bq1tKKrcqEJsJXwWOc5azRR1OelcDWZ+xP"},"senderMessageKeys":[]},{"senderKeyId":1069320265,"senderChainKey":{"iteration":1,"seed":"721i1gkxspf+Lg9So0JJmkmKAoCcyW1iM2yXCqtf6qQ="},"senderSigningKey":{"public":"BSYqNI1DerrFbE8D6l/rXsaYezVCD3tp/c093ftaLI0Q"},"senderMessageKeys":[]}]