[{"senderKeyId":273959760,"senderChainKey":{"iteration":35,"seed":"rfhfjbo/gDKZl4T6F+7A+qp30RxS89FkMZa9M/KbpzE="},"senderSigningKey":{"public":"BccNJ0XJu0x3GlvBoM3SpFsr39xgpJ6UlD18pQh8o9Yt"},"senderMessageKeys":[{},{},{},{},{},{},{},{},{}]},{"senderKeyId":273959760,"senderChainKey":{"iteration":27,"seed":"j2zpRLMjWUXEV4CwsAwFY2ccdxC0T8HB3Am+XTYt3Do="},"senderSigningKey":{"public":"BccNJ0XJu0x3GlvBoM3SpFsr39xgpJ6UlD18pQh8o9Yt"},"senderMessageKeys":[]},{"senderKeyId":273959760,"senderChainKey":{"iteration":29,"seed":"4BDKZ4IDALua6NrfAl+dg82c83gxt9Bl60YPAp7bvME="},"senderSigningKey":{"public":"BccNJ0XJu0x3GlvBoM3SpFsr39xgpJ6UlD18pQh8o9Yt"},"senderMessageKeys":[]},{"senderKeyId":273959760,"senderChainKey":{"iteration":31,"seed":"4DPSRaLp9hywbbkTvYzNUMEipGLTcfMzxkAA5QWHWtg="},"senderSigningKey":{"public":"BccNJ0XJu0x3GlvBoM3SpFsr39xgpJ6UlD18pQh8o9Yt"},"senderMessageKeys":[]},{"senderKeyId":273959760,"senderChainKey":{"iteration":33,"seed":"+mm1VgY8Ypw+3IeWMYAKQbECgh7oZAIRC0bftP7wxUM="},"senderSigningKey":{"public":"BccNJ0XJu0x3GlvBoM3SpFsr39xgpJ6UlD18pQh8o9Yt"},"senderMessageKeys":[]}]