[{"senderKeyId":902145693,"senderChainKey":{"iteration":5,"seed":"o5jyX+savkIAkbDtQNz7qa5wmFOiwIYjWP6JAyAhXW4="},"senderSigningKey":{"public":"BfeBm9gKnTWeLnrj2oLTDZHSjQeV3vj4HTTImkHYklY0"},"senderMessageKeys":[{}]},{"senderKeyId":902145693,"senderChainKey":{"iteration":4,"seed":"v8JSsFTxDXeOyLIyGVpKtF1cZQ055OSeGSPVeuYtkrs="},"senderSigningKey":{"public":"BfeBm9gKnTWeLnrj2oLTDZHSjQeV3vj4HTTImkHYklY0"},"senderMessageKeys":[]},{"senderKeyId":215271782,"senderChainKey":{"iteration":10,"seed":"Q0wp0jzpqepwWCiUu4dmLxN7zg135FHmXN8pauLbaGc="},"senderSigningKey":{"public":"BVV3Bgj9RGCivnUMM6/0DPLMrWuZnNi39rQh5tMkt4I7"},"senderMessageKeys":[]}]