[{"senderKeyId":1321665712,"senderChainKey":{"iteration":0,"seed":"dbCgPc2YGCdTx7FrGufFJ8uj92W1UCujZaUvi9YQfkc="},"senderSigningKey":{"public":"BaQp54JHVjiGytqeozod3DYILOzR5kQCHxM1cvplLgRH"},"senderMessageKeys":[]},{"senderKeyId":1321665712,"senderChainKey":{"iteration":0,"seed":"dbCgPc2YGCdTx7FrGufFJ8uj92W1UCujZaUvi9YQfkc="},"senderSigningKey":{"public":"BaQp54JHVjiGytqeozod3DYILOzR5kQCHxM1cvplLgRH"},"senderMessageKeys":[]},{"senderKeyId":1639074275,"senderChainKey":{"iteration":2,"seed":"IjH0RCmUydVF9Zw3qc7LV3hGUK1/wzYbk1JdFR9pzW0="},"senderSigningKey":{"public":"BejmTrH9vYAQhAm/YFnqN3h3BEHTYbsB1vmW6SbikzBL"},"senderMessageKeys":[]}]