[{"senderKeyId":327766831,"senderChainKey":{"iteration":3,"seed":"/sPgiFqEh5zOC6UYaGd7AJeGLZne0q+7xuUnhcNbO10="},"senderSigningKey":{"public":"BYScuUP3a+b4svUTOYhNUbj9vNapt5Bnr0ZW8QERw/IU"},"senderMessageKeys":[]},{"senderKeyId":2007220976,"senderChainKey":{"iteration":1,"seed":"Ol/WjqWOhLaCjzmVryO1SPMDbAuUw2Msh3AW+p2K944="},"senderSigningKey":{"public":"BduJt5hDcMTInw/LBPjKnVoQA5maMq37gMzGP+db6pw+"},"senderMessageKeys":[]},{"senderKeyId":83901714,"senderChainKey":{"iteration":2,"seed":"siurU8OkNdExHFdnGkwZX3ZvJF4oivJ9849KF3JRXDo="},"senderSigningKey":{"public":"BdqJPjh1uYVfQuB1XQIXH3ETlDcueyZEmf0J9hm1M6N6"},"senderMessageKeys":[]},{"senderKeyId":1373256137,"senderChainKey":{"iteration":2,"seed":"hQBMtrJXrqbh3W1RpmPX+W5RoPzEo71F5QThZmxdtnE="},"senderSigningKey":{"public":"BROzr0CLBYQv3JaokVdONUoFKc1strFymQ3472Qwx+hK"},"senderMessageKeys":[]},{"senderKeyId":1897031754,"senderChainKey":{"iteration":2,"seed":"WFv8sxs4IabxSW7/vY2NRctlV2UDxYejsUwzyqaYySE="},"senderSigningKey":{"public":"BYpg7IeouL/dWUldve6qv4mIgQqMvqzV66x7328iAmtH"},"senderMessageKeys":[]}]