[{"senderKeyId":1967532435,"senderChainKey":{"iteration":1,"seed":"JDWXHWvWS/Pwt+Aw5xoVaPK1ZxyQQa/tE6WAbzGh+sw="},"senderSigningKey":{"public":"BRnLWg5x8r42VEca5SbhNvlQArG6OvVgkKtsqVS7IXs0"},"senderMessageKeys":[]},{"senderKeyId":1967532435,"senderChainKey":{"iteration":1,"seed":"JDWXHWvWS/Pwt+Aw5xoVaPK1ZxyQQa/tE6WAbzGh+sw="},"senderSigningKey":{"public":"BRnLWg5x8r42VEca5SbhNvlQArG6OvVgkKtsqVS7IXs0"},"senderMessageKeys":[]},{"senderKeyId":1967532435,"senderChainKey":{"iteration":1,"seed":"JDWXHWvWS/Pwt+Aw5xoVaPK1ZxyQQa/tE6WAbzGh+sw="},"senderSigningKey":{"public":"BRnLWg5x8r42VEca5SbhNvlQArG6OvVgkKtsqVS7IXs0"},"senderMessageKeys":[]},{"senderKeyId":1967532435,"senderChainKey":{"iteration":1,"seed":"JDWXHWvWS/Pwt+Aw5xoVaPK1ZxyQQa/tE6WAbzGh+sw="},"senderSigningKey":{"public":"BRnLWg5x8r42VEca5SbhNvlQArG6OvVgkKtsqVS7IXs0"},"senderMessageKeys":[]},{"senderKeyId":1967532435,"senderChainKey":{"iteration":1,"seed":"JDWXHWvWS/Pwt+Aw5xoVaPK1ZxyQQa/tE6WAbzGh+sw="},"senderSigningKey":{"public":"BRnLWg5x8r42VEca5SbhNvlQArG6OvVgkKtsqVS7IXs0"}}]