[{"senderKeyId":754218502,"senderChainKey":{"iteration":0,"seed":"7XossKn29xbKHexdXXSUUwXYlT+3pSIJ0S0qvCfSjFE="},"senderSigningKey":{"public":"BRvLBspH3/U8HESC7wZvy9BJZNbxdTQFbqbrO9bW1l5m"},"senderMessageKeys":[]},{"senderKeyId":1223212728,"senderChainKey":{"iteration":1,"seed":"MZVzTUwiBKbv6f6lNi+IyqoS1C1VluNEsoBaZHbrX3U="},"senderSigningKey":{"public":"BR1KQmdjgBI1PDaEr4Fte9BRJstZqd0eBfAiskiydH5X"},"senderMessageKeys":[]},{"senderKeyId":1961900560,"senderChainKey":{"iteration":1,"seed":"doyFTo+UvaSpv7TGl0ae7adya9rAeQXPuq9F6Lprd+w="},"senderSigningKey":{"public":"BbiRP5a70kiNz8ztHEzdz7IHdHcXdAreAAWb63c2XDw2"},"senderMessageKeys":[]}]