[{"senderKeyId":1891209211,"senderChainKey":{"iteration":2,"seed":"YE05SlXdlVICwCzK/anfy4DtJRHI/x8+WS85w40G68U="},"senderSigningKey":{"public":"BcdiU3C0lHySNJDCwpwFqgO0ef4vRfhf9VXFr7/FHrwG"},"senderMessageKeys":[]},{"senderKeyId":1883783560,"senderChainKey":{"iteration":7,"seed":"vPYB5TjBnxA1JD3BrZ6FDiYPZH9Cg5vaYLAKflq3CJk="},"senderSigningKey":{"public":"Bah7+0LsfijLmyXZoR8svBkoQdn7JnQXndqsxCP3+k5I"},"senderMessageKeys":[]},{"senderKeyId":9527853,"senderChainKey":{"iteration":3,"seed":"eS8MEMTaXGdrQtHv1OEnPfx1+h3J3cGayWyCqc6oqf8="},"senderSigningKey":{"public":"BQSJTbWtSm1b+bp0LLjQgWC1X+UlWMulTaFn6aQlr6B1"},"senderMessageKeys":[]},{"senderKeyId":645347403,"senderChainKey":{"iteration":1,"seed":"Oi7x87uRXnQe9MJJSXV5j1SAv7ujk1Qs+YD9vP0zeXc="},"senderSigningKey":{"public":"BaaAAIMZ0mwkc1zyVpF5ExL6UfPxHloTBGnAb6CVFjNn"},"senderMessageKeys":[]},{"senderKeyId":370315038,"senderChainKey":{"iteration":10,"seed":"XHu2GunOIW8ecsTDMMVfDfIVP0tnUXe3JT/k5nAeuuc="},"senderSigningKey":{"public":"BWSVulSrMoW0NPfdGQKD5FiNv9rJLF+e90Vg55ta8ss0"},"senderMessageKeys":[]}]