[{"senderKeyId":1379362003,"senderChainKey":{"iteration":9,"seed":"Q/xr7HI0KANHj0739W2phKK9qgSZCov0dIKwZ6Zv7LA="},"senderSigningKey":{"public":"Bfeccc07hAbmiQwpfFSl9Scc/SY4netQtHwqVUQzuMBL"},"senderMessageKeys":[]},{"senderKeyId":1379362003,"senderChainKey":{"iteration":1,"seed":"xduGOYoZuEcF/I7/eCU+DzHPfzrVKueRN0l9fNM3pTs="},"senderSigningKey":{"public":"Bfeccc07hAbmiQwpfFSl9Scc/SY4netQtHwqVUQzuMBL"},"senderMessageKeys":[]},{"senderKeyId":2142218162,"senderChainKey":{"iteration":3,"seed":"0A85ghfsjT1aHJc7FCQG40iwdywEwMLdubylYuTejYY="},"senderSigningKey":{"public":"BV7Fqt7/AHI4JyajfshdaVAtBstlEqEmhbqjDMPO+DZ7"},"senderMessageKeys":[]},{"senderKeyId":2142218162,"senderChainKey":{"iteration":1,"seed":"POfuKVnvi9qsea7K00GUAjwrKc4Zci2zQeoL2b9kVHU="},"senderSigningKey":{"public":"BV7Fqt7/AHI4JyajfshdaVAtBstlEqEmhbqjDMPO+DZ7"},"senderMessageKeys":[]},{"senderKeyId":1544184461,"senderChainKey":{"iteration":1,"seed":"Ye9lTqnG5sNZXKUJkeIv0kthtMCzpMod998V5y/2pHE="},"senderSigningKey":{"public":"BcEcimeDfBd6CU6yBW/KH98+FzsQytjYgwENEBYdfcgu"},"senderMessageKeys":[]}]