[{"senderKeyId":1794404489,"senderChainKey":{"iteration":7,"seed":"tuUPNh97UghvCAu+hB0EiLyvb5zkaGGapz6L3ExCXQE="},"senderSigningKey":{"public":"Bc4qhMm8bMQomY5LCCJnUMyeL6U047nt/ZCCjP9z7fNq"},"senderMessageKeys":[]},{"senderKeyId":1794404489,"senderChainKey":{"iteration":4,"seed":"NfNd0wPhJ4EgxA2FsLMdFaOrMJnAKXuq1yoxineNpQw="},"senderSigningKey":{"public":"Bc4qhMm8bMQomY5LCCJnUMyeL6U047nt/ZCCjP9z7fNq"},"senderMessageKeys":[]},{"senderKeyId":1794404489,"senderChainKey":{"iteration":5,"seed":"odNh/eJgy9VWik1OibVnB8ytB1Tefw11CExYbwXv7fw="},"senderSigningKey":{"public":"Bc4qhMm8bMQomY5LCCJnUMyeL6U047nt/ZCCjP9z7fNq"},"senderMessageKeys":[]}]