[{"senderKeyId":623877586,"senderChainKey":{"iteration":7,"seed":"TxBXkrIDa48TskYdB46Hi7bvqINyPVpPiMT5y05Us/4="},"senderSigningKey":{"public":"BZBjRSGhDpRw+Rn44v+xCMaJFIKpcYnKAYYVvbckwgFy"},"senderMessageKeys":[]},{"senderKeyId":1724881998,"senderChainKey":{"iteration":2,"seed":"XWEfctFsGOxALVkCvlKsZ/WqWyrAGYV/Wxa6CzMSNB8="},"senderSigningKey":{"public":"BS6QUci2BBEeCABA6E2/wHE5V6wKSHUwkhWNLpr1UGJs"},"senderMessageKeys":[]},{"senderKeyId":1651673939,"senderChainKey":{"iteration":1,"seed":"vM869YWVUYqiyZ69/0Q1lmv6MiuM41Sj9uyWOk6CyGQ="},"senderSigningKey":{"public":"BU7WFdCN1sdiaK//5llt9Uv1FI3u19LvsJq03W1FXxw5"},"senderMessageKeys":[]},{"senderKeyId":537047720,"senderChainKey":{"iteration":1,"seed":"n/+EoMftBoRDBf6JbwGBilkeOLmDDrE6nPFYY/V3Rms="},"senderSigningKey":{"public":"BQ/ltZzgAyEq9bjXj5ZHoDOIFUaFh4+kGuAkh9Yfzg9Z"},"senderMessageKeys":[]},{"senderKeyId":218209988,"senderChainKey":{"iteration":1,"seed":"ETXOH45BfCccdU//T3dAFR2u7M/uNNtLuWwVLtlVRW4="},"senderSigningKey":{"public":"BRAyq33ipMg89OwdcIHnGVf0eRZql6u8zFz4GjkZHzly"},"senderMessageKeys":[]}]