[{"senderKeyId":1490260646,"senderChainKey":{"iteration":2,"seed":"j/FifTtC8SszXb+QtNCm3QzBtQ4mtHbrAhO2bRO4BZk="},"senderSigningKey":{"public":"Ba2EMNdy/vmjwaeEeTg8vOgxulgCzg2/jTMfV19WRfVD"},"senderMessageKeys":[]},{"senderKeyId":1490260646,"senderChainKey":{"iteration":3,"seed":"3HKY8EcT0QE54qxc0+7uAlW8St0YOY5zOc1zMwVC3B0="},"senderSigningKey":{"public":"Ba2EMNdy/vmjwaeEeTg8vOgxulgCzg2/jTMfV19WRfVD"},"senderMessageKeys":[]},{"senderKeyId":1860315663,"senderChainKey":{"iteration":1,"seed":"DRqlVJNudQsJ3bNh9wI0SAWCCH13PrWGildcljDikQM="},"senderSigningKey":{"public":"Bf2pPM7ibG9LrX0C9+k6IzTpWHcDvSbz8JEtVjuYgbVy"},"senderMessageKeys":[]},{"senderKeyId":938362438,"senderChainKey":{"iteration":19,"seed":"JsxCPgraxQAljvRnp7asaMXSoRH2IBh8LOQlsniptM8="},"senderSigningKey":{"public":"BXKqtgIIOtusE2K2AJb9zvaMJWFr9Sb+ufg1NB35DQYe"},"senderMessageKeys":[]},{"senderKeyId":1356729809,"senderChainKey":{"iteration":1,"seed":"cdPxWvZTDpZI3o2ZtRQy4+pQPGdQh60EXlqQohTznPU="},"senderSigningKey":{"public":"BZ+gwVVC2tK/ch4LEBCShnspk7pc1sJkqo845MfwnCsf"},"senderMessageKeys":[]}]