[{"senderKeyId":1835593242,"senderChainKey":{"iteration":1,"seed":"8KJb1rM7xj2GE//JSeCtKDqKHGe89IwViHrJPZqygYk="},"senderSigningKey":{"public":"BUcxw8FBCYuZrsulHpsu5FJbGyy1ahbJuWLefBUE2IgA"},"senderMessageKeys":[]},{"senderKeyId":1031161634,"senderChainKey":{"iteration":6,"seed":"XNEFqgqQt6qWD3HaXdJqlb2/7aKbPWq4gZf4Wb+u+bM="},"senderSigningKey":{"public":"BYfX9kcu8X7wY/glSSwswj7fD1c5ZqcXz1Bz6B6fY+EZ"},"senderMessageKeys":[]},{"senderKeyId":1031161634,"senderChainKey":{"iteration":3,"seed":"SLeHS2h/A4rBjLULEVdgHqkC8OQPtob5UllPc99PsMo="},"senderSigningKey":{"public":"BYfX9kcu8X7wY/glSSwswj7fD1c5ZqcXz1Bz6B6fY+EZ"},"senderMessageKeys":[]},{"senderKeyId":1754794904,"senderChainKey":{"iteration":0,"seed":"urrJd/MkUG8ou6twAgReqj2ukKLdhiGQP5iGs3hfpqU="},"senderSigningKey":{"public":"BbQiOonwb8+DIatSHcj+0IGQ24STfgXWowyWlkvBxdY+"}}]