[{"senderKeyId":1805727932,"senderChainKey":{"iteration":7,"seed":"kNEM06PTOS9u64jpIpyu33fV3tLDi7RybvAdrDty77E="},"senderSigningKey":{"public":"BTRkGn9gMzC3ky3iBVvZuYHidVBfXh5+vVNzmcbYZhRm"},"senderMessageKeys":[]},{"senderKeyId":2097965277,"senderChainKey":{"iteration":2,"seed":"wL45G0iUXc0+cyLU2tUnQS3UKCqYalvaIFIkI3oHlEc="},"senderSigningKey":{"public":"BbF+11yvUEbSC9aELnKSAq40lizX33nk4lmriuSCpTYm"},"senderMessageKeys":[]},{"senderKeyId":1301570695,"senderChainKey":{"iteration":3,"seed":"T94D9zuXikU+P2VTau0S9xzNPlQhx7Mns0+mS459fMk="},"senderSigningKey":{"public":"BdNl6kCFeK0IGGD+imlI9g4zidjB5+UYUUaovGBeStUH"},"senderMessageKeys":[]}]