[{"senderKeyId":335258181,"senderChainKey":{"iteration":4,"seed":"xhyWip/1K7JpeksCJE91EHw/75Kg25Em9eZ4Jj4r9ds="},"senderSigningKey":{"public":"BQMGzHdsgwXW6R5cxabonlrWuk2/7LYs9wX+5Hxs13hy"},"senderMessageKeys":[]},{"senderKeyId":867677734,"senderChainKey":{"iteration":2,"seed":"NPB6K5Hg/DJW6tIqnouZ4ub9ES+pnPcN5MRRhDAq4Mc="},"senderSigningKey":{"public":"BaaM38ZYGUh3YKTn0RsaE8NubKjR/3+x2VzVedCOi19d"},"senderMessageKeys":[]},{"senderKeyId":1866800138,"senderChainKey":{"iteration":5,"seed":"KdiceVFYvnu7LlckVQXRFJPZfaOJvIo85uJ11+xH4Hc="},"senderSigningKey":{"public":"BXHrpR1FQzkZH/X+TO1d60Wmh3cyDVCdyZWS/Y44w3Jq"},"senderMessageKeys":[]},{"senderKeyId":1433215930,"senderChainKey":{"iteration":12,"seed":"+iEcH1DcH9vPAXS9xxV2pslCQ0NrlZyhgom2FQOC+j8="},"senderSigningKey":{"public":"BfQ7MaRI4LoIO2VpR5bnvR1APNbqdv8xECkkP98NJ6ZC"},"senderMessageKeys":[]},{"senderKeyId":1876952755,"senderChainKey":{"iteration":1,"seed":"MuHbXPML7omC1MIwRpTrgOzbEkt1E/Toz0Igt0VWoHc="},"senderSigningKey":{"public":"BVJBd/1VMF8HxXoPuI5R3BXqgNIvNw3y1ALqkf+o0ixT"},"senderMessageKeys":[]}]