[{"senderKeyId":2111664549,"senderChainKey":{"iteration":1,"seed":"IwKhwyPNwvAMNoKC1lnuNMQyoHa2iKBbYz44K1+6T7s="},"senderSigningKey":{"public":"BTtkN8KDI9s1XSRqJHE6VnkweGn6jYFn0xmjR+3+43ZF"},"senderMessageKeys":[]},{"senderKeyId":1266998829,"senderChainKey":{"iteration":1,"seed":"kLFI8CO6E4dAC/FWiWRXLDQobNsZLvfxolPBpn8wCgg="},"senderSigningKey":{"public":"BZiHspJ/qKyjCUqnK6Z3tYNfn4vUIfDXUcamVKJhZSd1"},"senderMessageKeys":[]},{"senderKeyId":1767079120,"senderChainKey":{"iteration":1,"seed":"AnbrLsAukfOpHJTRIRMQUziSJEyv6D32/D7DuQj/yUM="},"senderSigningKey":{"public":"BVZwlypWnstdGVfcAvDy8Bs6m4P+hiJaSZO1cbCH1o1K"},"senderMessageKeys":[]},{"senderKeyId":1348717664,"senderChainKey":{"iteration":1,"seed":"ZWTcwpgmpIIMIYz73fxdFKdEN/FmdUeioGCDXomBpXs="},"senderSigningKey":{"public":"BVK+Vq3chkP7d9lRSzKnohMHoD1wlLg4zfL9/lQ1Cz45"},"senderMessageKeys":[]},{"senderKeyId":99808259,"senderChainKey":{"iteration":2,"seed":"cbDTrx70XeZZ1AnjD3E+3NOP1nBhwv2lx6ivLt2Cslg="},"senderSigningKey":{"public":"BUcY0CxYpz5tsECmf2BN267CfCRZu0xd/zv5zrehwlJD"},"senderMessageKeys":[]}]