[{"senderKeyId":828531272,"senderChainKey":{"iteration":1,"seed":"dmcnnESweSm6h9TYtVypm3ooEOD0dlSxM3N84t0QxlI="},"senderSigningKey":{"public":"BeNPvrun842387dkiXjWcGtIYOyEUFjzMT8ZqL3H9ygr"},"senderMessageKeys":[]},{"senderKeyId":828531272,"senderChainKey":{"iteration":1,"seed":"dmcnnESweSm6h9TYtVypm3ooEOD0dlSxM3N84t0QxlI="},"senderSigningKey":{"public":"BeNPvrun842387dkiXjWcGtIYOyEUFjzMT8ZqL3H9ygr"},"senderMessageKeys":[]},{"senderKeyId":828531272,"senderChainKey":{"iteration":1,"seed":"dmcnnESweSm6h9TYtVypm3ooEOD0dlSxM3N84t0QxlI="},"senderSigningKey":{"public":"BeNPvrun842387dkiXjWcGtIYOyEUFjzMT8ZqL3H9ygr"},"senderMessageKeys":[]},{"senderKeyId":828531272,"senderChainKey":{"iteration":1,"seed":"dmcnnESweSm6h9TYtVypm3ooEOD0dlSxM3N84t0QxlI="},"senderSigningKey":{"public":"BeNPvrun842387dkiXjWcGtIYOyEUFjzMT8ZqL3H9ygr"},"senderMessageKeys":[]},{"senderKeyId":828531272,"senderChainKey":{"iteration":1,"seed":"dmcnnESweSm6h9TYtVypm3ooEOD0dlSxM3N84t0QxlI="},"senderSigningKey":{"public":"BeNPvrun842387dkiXjWcGtIYOyEUFjzMT8ZqL3H9ygr"}}]