[{"senderKeyId":35627776,"senderChainKey":{"iteration":3,"seed":"9A2OPn2soTo4jhLodFtFIazOpgefReqVx+sM87DjY7w="},"senderSigningKey":{"public":"BVv8O3R0MJjGKV3tP8hvGYnGzjibUepQUfU3j4kSIJI3"},"senderMessageKeys":[]},{"senderKeyId":35627776,"senderChainKey":{"iteration":1,"seed":"N8phalnwbqrJONwAX2IcXfl40Qr+FTSmf8M3iz+bbvo="},"senderSigningKey":{"public":"BVv8O3R0MJjGKV3tP8hvGYnGzjibUepQUfU3j4kSIJI3"},"senderMessageKeys":[]},{"senderKeyId":35627776,"senderChainKey":{"iteration":2,"seed":"Nzqhg52txOX2H7FGpXizKmAvbTCr6e52C+bv6zUgLII="},"senderSigningKey":{"public":"BVv8O3R0MJjGKV3tP8hvGYnGzjibUepQUfU3j4kSIJI3"},"senderMessageKeys":[]}]