[{"senderKeyId":418340120,"senderChainKey":{"iteration":1,"seed":"vW0T21E00/i4+/Z25iHi3FH1+CrMc7NkkhJYOxLAKEU="},"senderSigningKey":{"public":"BUytFncezefKm62UkR6JSCZvHe1yjhPOAq95L9XPJgYd"},"senderMessageKeys":[]},{"senderKeyId":418340120,"senderChainKey":{"iteration":1,"seed":"vW0T21E00/i4+/Z25iHi3FH1+CrMc7NkkhJYOxLAKEU="},"senderSigningKey":{"public":"BUytFncezefKm62UkR6JSCZvHe1yjhPOAq95L9XPJgYd"},"senderMessageKeys":[]},{"senderKeyId":418340120,"senderChainKey":{"iteration":1,"seed":"vW0T21E00/i4+/Z25iHi3FH1+CrMc7NkkhJYOxLAKEU="},"senderSigningKey":{"public":"BUytFncezefKm62UkR6JSCZvHe1yjhPOAq95L9XPJgYd"},"senderMessageKeys":[]},{"senderKeyId":418340120,"senderChainKey":{"iteration":1,"seed":"vW0T21E00/i4+/Z25iHi3FH1+CrMc7NkkhJYOxLAKEU="},"senderSigningKey":{"public":"BUytFncezefKm62UkR6JSCZvHe1yjhPOAq95L9XPJgYd"}}]