[{"senderKeyId":982470462,"senderChainKey":{"iteration":2,"seed":"odwCXTRpLDefG8ueVw9FghZZi72gEW/5aXgQdPQExVc="},"senderSigningKey":{"public":"BQP+sgLbVDmhvk2/090+cRIygcZDDY9n2QZegrFdc110"},"senderMessageKeys":[]},{"senderKeyId":982470462,"senderChainKey":{"iteration":0,"seed":"9XDZocAR8xCyc/BrfC9KR5RVSisJrP0Wl/UdzSd85Vw="},"senderSigningKey":{"public":"BQP+sgLbVDmhvk2/090+cRIygcZDDY9n2QZegrFdc110"},"senderMessageKeys":[]},{"senderKeyId":1492034248,"senderChainKey":{"iteration":1,"seed":"rXosDwtK5H8hQlI3GC/rN7SD8f2pPcnxQNfKZ5Nrbto="},"senderSigningKey":{"public":"BYQcudhcSFbUvdtKxYlQ4bGjybEJdRuF3UPxy1tlGcwx"},"senderMessageKeys":[]},{"senderKeyId":1328348082,"senderChainKey":{"iteration":7,"seed":"2qYc9WM7IxRLv1AYDlnbE6fnzxfpKXt13w6BA6wr/fI="},"senderSigningKey":{"public":"BT6Tyyn/7BeD/rCAriJEQUfX3pro/kchx353lFrf8Ts1"},"senderMessageKeys":[]}]