[{"senderKeyId":1228223709,"senderChainKey":{"iteration":269,"seed":"8xHnty2IQXC430iaqzOeeUTlppIQ7ERzk/7TCafegvE="},"senderSigningKey":{"public":"BbAFpnlWFJCIcAVFZ7qPaz+1qnspCuF5A0zfOLPPgQIi"},"senderMessageKeys":[{},{},{},{},{},{},{},{},{},{}]},{"senderKeyId":1228223709,"senderChainKey":{"iteration":260,"seed":"UFozGwM2wvcPBZZrCN4hS4J1D9cWueH8PuP5i9G4UCg="},"senderSigningKey":{"public":"BbAFpnlWFJCIcAVFZ7qPaz+1qnspCuF5A0zfOLPPgQIi"},"senderMessageKeys":[]},{"senderKeyId":1228223709,"senderChainKey":{"iteration":266,"seed":"e+2mAhS1wUHlm2QqD/26cdkRzXt8ybuKZ0hpz5hEyUI="},"senderSigningKey":{"public":"BbAFpnlWFJCIcAVFZ7qPaz+1qnspCuF5A0zfOLPPgQIi"},"senderMessageKeys":[]},{"senderKeyId":1228223709,"senderChainKey":{"iteration":267,"seed":"fU19/wSOD4C+N498btHTs6bAKzw0R6CCNcGFbbKh4jE="},"senderSigningKey":{"public":"BbAFpnlWFJCIcAVFZ7qPaz+1qnspCuF5A0zfOLPPgQIi"},"senderMessageKeys":[]},{"senderKeyId":1228223709,"senderChainKey":{"iteration":268,"seed":"ASw+ZT9Ixbj6DJUnCaPCqCYbyf7eREHuV4xGyPfNxms="},"senderSigningKey":{"public":"BbAFpnlWFJCIcAVFZ7qPaz+1qnspCuF5A0zfOLPPgQIi"},"senderMessageKeys":[]}]