[{"senderKeyId":1587896159,"senderChainKey":{"iteration":1,"seed":"z9GXiEqWfV0WpPFpLjrIS0OxkHUiXTady3ysGI8akaQ="},"senderSigningKey":{"public":"BTpu0qqYQ3DD1aDHIMYI/QcYARenzTX07dbftPEtzccS"},"senderMessageKeys":[]},{"senderKeyId":631834379,"senderChainKey":{"iteration":4,"seed":"C3FJUB7JYb5eKE5MrVzRlADxI9LbFvq+2DRkhLHhK0U="},"senderSigningKey":{"public":"BfkauSRYPo6DJu7z1G3UbcGcdi3saBmPrim/YL1NModT"},"senderMessageKeys":[]},{"senderKeyId":766989472,"senderChainKey":{"iteration":8,"seed":"SS/jhNGKSh65YJN2xaXzM4YgF6MiknHcvuN3wBv9LUQ="},"senderSigningKey":{"public":"BaOWG1LB3iwGB1i5Eg80B20tqbqUNjdhJ8+Ck2ZudycD"},"senderMessageKeys":[]},{"senderKeyId":766989472,"senderChainKey":{"iteration":7,"seed":"onCYntGOJC/dWrFZ95F59/jpUPEjzqziYarRK1o/514="},"senderSigningKey":{"public":"BaOWG1LB3iwGB1i5Eg80B20tqbqUNjdhJ8+Ck2ZudycD"},"senderMessageKeys":[]},{"senderKeyId":378653678,"senderChainKey":{"iteration":3,"seed":"XAN+D6gDU7d0wXeEbdm1x4e7NqlIGxxhk+mn4R66Bo8="},"senderSigningKey":{"public":"BexXUE7eT8JSkQkUa9zradYXjJRLy41IfEX2L8BDYhg3"},"senderMessageKeys":[]}]