[{"senderKeyId":1385582258,"senderChainKey":{"iteration":44,"seed":"imAQZj3nb+8Vi9+34uNuL4R7cRKaQ1hM4D1U1jki7B8="},"senderSigningKey":{"public":"BfOwYhLwN+fgAl+JTFoCTXLSKn+X821k1Rc8zBvjc2kU"},"senderMessageKeys":[{},{},{},{},{},{},{},{},{},{},{},{},{},{},{},{},{},{},{},{},{},{},{},{},{},{},{},{},{},{},{},{},{},{},{},{},{}]},{"senderKeyId":1385582258,"senderChainKey":{"iteration":8,"seed":"uTbD7hgztCMcHOvxQ/wg2Tvs0vqoHLUeexHgKukJVWA="},"senderSigningKey":{"public":"BfOwYhLwN+fgAl+JTFoCTXLSKn+X821k1Rc8zBvjc2kU"},"senderMessageKeys":[]},{"senderKeyId":1385582258,"senderChainKey":{"iteration":23,"seed":"6o0cTho0KDTKjjho4+E4yB0VbTpotEA/0ZGP6fFir+c="},"senderSigningKey":{"public":"BfOwYhLwN+fgAl+JTFoCTXLSKn+X821k1Rc8zBvjc2kU"},"senderMessageKeys":[]},{"senderKeyId":1385582258,"senderChainKey":{"iteration":24,"seed":"Iin8QCahB3krueShM6dfYslndy7+WfkcOaSrPXUBlw0="},"senderSigningKey":{"public":"BfOwYhLwN+fgAl+JTFoCTXLSKn+X821k1Rc8zBvjc2kU"},"senderMessageKeys":[]},{"senderKeyId":1385582258,"senderChainKey":{"iteration":41,"seed":"oyydD9NHdjh/Sgy38WlSf7HVRe9F4zzs/jvdUDjxcuU="},"senderSigningKey":{"public":"BfOwYhLwN+fgAl+JTFoCTXLSKn+X821k1Rc8zBvjc2kU"},"senderMessageKeys":[]}]