[{"senderKeyId":666020239,"senderChainKey":{"iteration":3,"seed":"1i+oX6Kan2+0VuOdvaqinALbpu9o0a699dFoJlWI7mk="},"senderSigningKey":{"public":"BceSwGW1QdQOfScU4xMVF7+fEf8LoaRU9ko6hcuIgFgA"},"senderMessageKeys":[]},{"senderKeyId":666020239,"senderChainKey":{"iteration":2,"seed":"8hhzw+TwtiWQUz4n25ohc6b6W/gU1tvCvFeFL8tMpWs="},"senderSigningKey":{"public":"BceSwGW1QdQOfScU4xMVF7+fEf8LoaRU9ko6hcuIgFgA"},"senderMessageKeys":[]},{"senderKeyId":1262953263,"senderChainKey":{"iteration":1,"seed":"eUQwDUt3p74s/lo0g0oDmG3qDMO5+0oboeahBkn6DLc="},"senderSigningKey":{"public":"BZbJQtvZidkCt1wq74j8z4FxCs5E8BUQWlwDL0H99UZm"},"senderMessageKeys":[]}]