[{"senderKeyId":229361795,"senderChainKey":{"iteration":1,"seed":"nAPmAJfb/sGbuXBO357nWwSEx0pkks282dMFPkwieFk="},"senderSigningKey":{"public":"BVTk0yWbT3FE8V2TeQI0922IkiSoHz0i8Lnbn4o8+DpT"},"senderMessageKeys":[]},{"senderKeyId":229361795,"senderChainKey":{"iteration":1,"seed":"nAPmAJfb/sGbuXBO357nWwSEx0pkks282dMFPkwieFk="},"senderSigningKey":{"public":"BVTk0yWbT3FE8V2TeQI0922IkiSoHz0i8Lnbn4o8+DpT"},"senderMessageKeys":[]},{"senderKeyId":229361795,"senderChainKey":{"iteration":1,"seed":"nAPmAJfb/sGbuXBO357nWwSEx0pkks282dMFPkwieFk="},"senderSigningKey":{"public":"BVTk0yWbT3FE8V2TeQI0922IkiSoHz0i8Lnbn4o8+DpT"}}]