[{"senderKeyId":804470064,"senderChainKey":{"iteration":5,"seed":"mVJvpz6ShJia5TAZF96LSVbknJJqfD8IcWzIh89Cl3c="},"senderSigningKey":{"public":"BZ7Jv+K1Bbb3RdzhfapAfEc4dhCNH56jPMXuioejbnBv"},"senderMessageKeys":[]},{"senderKeyId":804470064,"senderChainKey":{"iteration":1,"seed":"PBc5qKkxxH8rcxx8AyyZZ1yYZyCtBdBgKXORjAApN5o="},"senderSigningKey":{"public":"BZ7Jv+K1Bbb3RdzhfapAfEc4dhCNH56jPMXuioejbnBv"},"senderMessageKeys":[]},{"senderKeyId":804470064,"senderChainKey":{"iteration":4,"seed":"R6rovQ0zZ7Y1aDejqWqaq2UU1R8KuSmP6POfe9S/bXY="},"senderSigningKey":{"public":"BZ7Jv+K1Bbb3RdzhfapAfEc4dhCNH56jPMXuioejbnBv"},"senderMessageKeys":[]}]