[{"senderKeyId":211561251,"senderChainKey":{"iteration":11,"seed":"P7zAlO6sP3ExonWfnA1xpQ3kNWHUKMR+1dIR9v2+i4o="},"senderSigningKey":{"public":"BZrmEFcz1hrOnhoxGq1WKomyp4hoX9OXH4RUWFHLg50x"},"senderMessageKeys":[]},{"senderKeyId":211561251,"senderChainKey":{"iteration":1,"seed":"QXdLpflX77pmGEs/cR5Kg3dT87EmHsmqo7r2PYY2Uuc="},"senderSigningKey":{"public":"BZrmEFcz1hrOnhoxGq1WKomyp4hoX9OXH4RUWFHLg50x"},"senderMessageKeys":[]},{"senderKeyId":211561251,"senderChainKey":{"iteration":4,"seed":"cEVodFJrmm5DtOqrBhlD7UUg/YYy9q58hKXIAwnNhkM="},"senderSigningKey":{"public":"BZrmEFcz1hrOnhoxGq1WKomyp4hoX9OXH4RUWFHLg50x"},"senderMessageKeys":[]},{"senderKeyId":460808458,"senderChainKey":{"iteration":2,"seed":"J+uusT0Dqf2PRWkEJh7r6gIhwM8e0mF4m4ijvyiyu0E="},"senderSigningKey":{"public":"BV2FMpK6LmB0FTPpo7OCmztNiAvO+60D2c6hv4BAZ11L"},"senderMessageKeys":[]},{"senderKeyId":460808458,"senderChainKey":{"iteration":2,"seed":"J+uusT0Dqf2PRWkEJh7r6gIhwM8e0mF4m4ijvyiyu0E="},"senderSigningKey":{"public":"BV2FMpK6LmB0FTPpo7OCmztNiAvO+60D2c6hv4BAZ11L"}}]