[{"senderKeyId":955957593,"senderChainKey":{"iteration":4,"seed":"6FD9pOzvoIkqsSVEKFMT3lpbazBUQq+omNTKN7s0btc="},"senderSigningKey":{"public":"BRU9cyredT5UWyPdMXKsNPPJG6FcOAnwDQd8AW/+Jh5p"},"senderMessageKeys":[]},{"senderKeyId":955957593,"senderChainKey":{"iteration":1,"seed":"QDbIPGNhb3rRHW/vl6NXkSmX8mNrMxhBzrK6e6yoEOE="},"senderSigningKey":{"public":"BRU9cyredT5UWyPdMXKsNPPJG6FcOAnwDQd8AW/+Jh5p"},"senderMessageKeys":[]},{"senderKeyId":1743711590,"senderChainKey":{"iteration":2,"seed":"EOHMm3DLQW00HpFIMlSgyDWq2uxlPV+RxkZ5il50OEA="},"senderSigningKey":{"public":"BTGQGykG1ZX2GU3VnPkIXTf7boeo4GPyoGLVivfZDV9T"},"senderMessageKeys":[]}]