[{"senderKeyId":1290095301,"senderChainKey":{"iteration":14,"seed":"47EYorY3OSejnkarmZMvsfc8y5K05qV5+0aiX6t8l9s="},"senderSigningKey":{"public":"BebrxRrwVMBm9E0PfgUp+ZCeDWYueErdTcv9OAAm5m53"},"senderMessageKeys":[]},{"senderKeyId":1110276034,"senderChainKey":{"iteration":5,"seed":"B8+s+JxApRq9k0F7nzGC8A9ppehL6dyQQtZRkrkQR8w="},"senderSigningKey":{"public":"BYIiigvY7cJtYiW2T+as6WOES4oLk1Ph7cB7IJBC6DQE"},"senderMessageKeys":[]},{"senderKeyId":1242526212,"senderChainKey":{"iteration":3,"seed":"qF0DI4ldk2wCbWVqMGajXWA8+ULquEtuyddzPXVApH8="},"senderSigningKey":{"public":"Bcw04HDvpRJGvwpJ3w2Xtnv7zvMjCH+fWdk5tSVUi1Vv"},"senderMessageKeys":[]},{"senderKeyId":237592484,"senderChainKey":{"iteration":1,"seed":"7FNinJWimiQUp96/rNtCrJExla9Zbyp5+rzBcDzZIRo="},"senderSigningKey":{"public":"BUaho1l5n+PdaVGZ55/ILvmuErUKGIobkQj7huY7/I94"},"senderMessageKeys":[]},{"senderKeyId":1852615297,"senderChainKey":{"iteration":1,"seed":"6DuBLCTZiApwbVppfqg4kkTfgJIcN1j1/LqONNg8zUM="},"senderSigningKey":{"public":"Ba581DgfTv3jpHE6njlc5XqSO/5rTx8cJl07zF6YzR01"},"senderMessageKeys":[]}]