[{"senderKeyId":1916948309,"senderChainKey":{"iteration":1,"seed":"0UUEfXhoAu66rRwvNmwZPd6DUWPmgyFK5l41X5W28Po="},"senderSigningKey":{"public":"Ba2blg9n/Hy8LDHjnJ5a2pFBmXXGQ23Atzwn8FRdpwkw"},"senderMessageKeys":[]},{"senderKeyId":1916948309,"senderChainKey":{"iteration":1,"seed":"0UUEfXhoAu66rRwvNmwZPd6DUWPmgyFK5l41X5W28Po="},"senderSigningKey":{"public":"Ba2blg9n/Hy8LDHjnJ5a2pFBmXXGQ23Atzwn8FRdpwkw"},"senderMessageKeys":[]},{"senderKeyId":1916948309,"senderChainKey":{"iteration":1,"seed":"0UUEfXhoAu66rRwvNmwZPd6DUWPmgyFK5l41X5W28Po="},"senderSigningKey":{"public":"Ba2blg9n/Hy8LDHjnJ5a2pFBmXXGQ23Atzwn8FRdpwkw"},"senderMessageKeys":[]},{"senderKeyId":1916948309,"senderChainKey":{"iteration":1,"seed":"0UUEfXhoAu66rRwvNmwZPd6DUWPmgyFK5l41X5W28Po="},"senderSigningKey":{"public":"Ba2blg9n/Hy8LDHjnJ5a2pFBmXXGQ23Atzwn8FRdpwkw"},"senderMessageKeys":[]},{"senderKeyId":1916948309,"senderChainKey":{"iteration":1,"seed":"0UUEfXhoAu66rRwvNmwZPd6DUWPmgyFK5l41X5W28Po="},"senderSigningKey":{"public":"Ba2blg9n/Hy8LDHjnJ5a2pFBmXXGQ23Atzwn8FRdpwkw"}}]