[{"senderKeyId":1264870910,"senderChainKey":{"iteration":1,"seed":"KHB6OI4gXi7xYEL8WnhZrfXlfna4BWz7pHsBEvjjLL8="},"senderSigningKey":{"public":"BaaIwLov1/YMc7ZOIbBzHBVZ7apP/Nf2HPwD3baBh14R"},"senderMessageKeys":[]},{"senderKeyId":1319662478,"senderChainKey":{"iteration":7,"seed":"lXwmhkhQwlaZ8maV0Q1QBVK8wQJxqMA0K6B0nviG9Kk="},"senderSigningKey":{"public":"BeB12gd4M+ToR2RNARsOlrQN57GsLZ8blLNRjLqa40xR"},"senderMessageKeys":[]},{"senderKeyId":607654396,"senderChainKey":{"iteration":1,"seed":"/ADbmEZjsl+ABwL3mMseKQFm3REkWsnJXF7/+xO/xsE="},"senderSigningKey":{"public":"BarG3nfPGgZ6OBEJw/1xfvs+YPQ0FAjUGVgFEIrfG08U"},"senderMessageKeys":[]},{"senderKeyId":1939386047,"senderChainKey":{"iteration":3,"seed":"JCY/RymWQFIByJ3WPCI1ct3kBrfjIFqN43YXRYPtrUU="},"senderSigningKey":{"public":"BdTy2BkvnoLTOKja83uTTIi3ritF6Pu6fCR1KmlAgjVX"},"senderMessageKeys":[]}]