[{"senderKeyId":1557901810,"senderChainKey":{"iteration":1,"seed":"OHeZ8ATqwbrCtNwCBoqJhbKkYFTCQ8LVFeSidQPBRUE="},"senderSigningKey":{"public":"BROkciy+ZSchVrMQp3sR4ZsTSC4UAh7M8SOWxQ7HbWQs"},"senderMessageKeys":[]},{"senderKeyId":1151006402,"senderChainKey":{"iteration":2,"seed":"Z6cbW4MjWPgZ2cbg5b4RSO2vzQovJMxfmSMMjO/CsBQ="},"senderSigningKey":{"public":"BS0Uacs9UaUAmkfJm+HPIDseIjpqsUE2o+pLoEhQ5AwT"},"senderMessageKeys":[]},{"senderKeyId":1994685100,"senderChainKey":{"iteration":11,"seed":"D24HVFNxwEBRpTQ0dJVI0+1B9YnLUHzeLaGY0CQogto="},"senderSigningKey":{"public":"BcjtfEv31+pQq6MsNnylG8gzoxO+37azjwTzT0U2GANR"},"senderMessageKeys":[]}]