[{"senderKeyId":1392679355,"senderChainKey":{"iteration":1,"seed":"SZ0g1uaO7kxEbknNeZLjCAsRnlkR8nHRkOzffC8hX4I="},"senderSigningKey":{"public":"BaZo5AjKDlQdg8J5K4ghf1qcki738rW6FDXg5eoNki8+"},"senderMessageKeys":[]},{"senderKeyId":718604326,"senderChainKey":{"iteration":0,"seed":"L52YhaorpIPUD5LsAs31ZtTeejV3yuHwVu91ZyHFWCQ="},"senderSigningKey":{"public":"BVI5wnckoARqn/x4wpSEFg43ciUvk8yg1wBRi7ynSsIX"},"senderMessageKeys":[]},{"senderKeyId":2064900317,"senderChainKey":{"iteration":0,"seed":"U80NH0sUZxNVvtemMZVitc6ZF8jiCSmfuqW4MUe8fNY="},"senderSigningKey":{"public":"BSPMaix7GXVGZHbfAYqnn1RzK+/FVYjUhNql6LSaYghp"},"senderMessageKeys":[]},{"senderKeyId":454323252,"senderChainKey":{"iteration":1,"seed":"LRzR3RbyytZcFNCruHzsTOEaU9hxe07NT2ef7wdU5sU="},"senderSigningKey":{"public":"BaGdJKUPk2YUtL0PL4j3jSPfAoUuiTTt8IVmsGq4gJRw"},"senderMessageKeys":[]},{"senderKeyId":580167111,"senderChainKey":{"iteration":1,"seed":"TsvSJsnncFp/mP1frXtFC8UE2NLh09WRoDI5nv1XtLg="},"senderSigningKey":{"public":"BX79lHjT32FS+qHzN+NCEjU/L8n4aglciF3I1pvM+jFQ"},"senderMessageKeys":[]}]