[{"senderKeyId":2088148103,"senderChainKey":{"iteration":1,"seed":"xtuX/OYPoUAfh8u+GBgff5zE8oGnTsaXZsHtHILhePI="},"senderSigningKey":{"public":"BVK6KxvRofEJCFTguMSO8zWRtpqVNbG9Apj+0+eXiwVn"},"senderMessageKeys":[]},{"senderKeyId":1960955544,"senderChainKey":{"iteration":1,"seed":"/qfAOU4t9DKgkXt2hwwAYX2NtsFcEqdQcFdhPC1b2Nk="},"senderSigningKey":{"public":"Bb7vuc/2FtYxeLy3OqrOiuY81qPKShJN9xet3ULyso1N"},"senderMessageKeys":[]},{"senderKeyId":1360019486,"senderChainKey":{"iteration":1,"seed":"ANFnYQIM33yhfHH75tD2ZWHPpeN/SovoqjRlb/BoHe4="},"senderSigningKey":{"public":"BelkSDvmzzg6bJIsX5PIQkVFCBaq5raslqS55rN/n+E1"}}]