[{"senderKeyId":547689399,"senderChainKey":{"iteration":1,"seed":"xrRFY2YsVyQdS+Arf55owYKKlB//nsVMk9XktOLhZaE="},"senderSigningKey":{"public":"BddLrPjbLRHlHg3hfGIEahcnrYe4VSv7Z9ydFA6QT3cN"},"senderMessageKeys":[]},{"senderKeyId":794080998,"senderChainKey":{"iteration":2,"seed":"iOc+cyI6wFjuCWfLv63eon8SDetzB91PTvFWIufBYjE="},"senderSigningKey":{"public":"Ber5gAvvFRpB6uOa3AG0RgxWmHlVKPPHVLW5RUeTrvl8"},"senderMessageKeys":[]},{"senderKeyId":1773325585,"senderChainKey":{"iteration":3,"seed":"2UXxSnH9pMXe5wYrRIn/wVZ0KuWPmkCD6UrtaeZFW1g="},"senderSigningKey":{"public":"BTECMgzHz0Ji+rZPKTdtUWPINC2CapgDcXv1GTxww+VA"},"senderMessageKeys":[]}]