[{"senderKeyId":2139592983,"senderChainKey":{"iteration":18,"seed":"vRljQYur71vk1e33HtcsqjmvWcPT7Pt2b78JMW8O96Y="},"senderSigningKey":{"public":"BVpNiF3js0ryy8CjlpVGeUvc6PcJr46X+cePX8Hx84ML"},"senderMessageKeys":[{},{},{},{},{},{},{},{},{},{},{}]},{"senderKeyId":2139592983,"senderChainKey":{"iteration":7,"seed":"DlXNMOx/UvKG/nSxOfK8P1WeAeVvfP/TpDznR70Fm1o="},"senderSigningKey":{"public":"BVpNiF3js0ryy8CjlpVGeUvc6PcJr46X+cePX8Hx84ML"},"senderMessageKeys":[]},{"senderKeyId":2139592983,"senderChainKey":{"iteration":8,"seed":"BzJEtqS8W95UqIM7yvh8LmDFV8b9M0JQoRBf34Fl+Eg="},"senderSigningKey":{"public":"BVpNiF3js0ryy8CjlpVGeUvc6PcJr46X+cePX8Hx84ML"},"senderMessageKeys":[]},{"senderKeyId":2139592983,"senderChainKey":{"iteration":10,"seed":"HxkJ9MAGh83zVLpkSWuLqIPxnd/rOkANUcWvSWmqyKc="},"senderSigningKey":{"public":"BVpNiF3js0ryy8CjlpVGeUvc6PcJr46X+cePX8Hx84ML"},"senderMessageKeys":[]},{"senderKeyId":2139592983,"senderChainKey":{"iteration":17,"seed":"ghp6nxRYdyOdk/ifjTZdZdaVRBYnr6gHP2TGpP10T64="},"senderSigningKey":{"public":"BVpNiF3js0ryy8CjlpVGeUvc6PcJr46X+cePX8Hx84ML"},"senderMessageKeys":[]}]