[{"senderKeyId":1820674181,"senderChainKey":{"iteration":14,"seed":"CA6WV+Kj//xM8WotYFjaC0HCIxBEzOOgcnVdzBHlq/Y="},"senderSigningKey":{"public":"BRdJz5FMbEydEI64ffoBDUxtTuy3vp1vMLxG5H1kzQlX"},"senderMessageKeys":[{}]},{"senderKeyId":462017674,"senderChainKey":{"iteration":2,"seed":"MJlebPzeqnnD/BaJdp2LUBr0EuyrpJEYjXXClnv62+o="},"senderSigningKey":{"public":"BeliXuAFpyEXTXnkX89T7vPVyPSaNzv9ESb2ufZmnmAY"},"senderMessageKeys":[]},{"senderKeyId":652477550,"senderChainKey":{"iteration":15,"seed":"3y2/gHd7iuZjCQjznvR+T7nv2GvObsEhn4JmEwTDl/s="},"senderSigningKey":{"public":"BTnOFFmLCq8H8eQUH1f/gU7IIbHtKzdufZ8xenSnGH0X"},"senderMessageKeys":[]}]