[{"senderKeyId":427182415,"senderChainKey":{"iteration":1,"seed":"UfGxFlLuWmdmda9ot6n7+8Gpn/Tovli0eRtBp23UpZQ="},"senderSigningKey":{"public":"Bfjq5IcyB/9xRtw/kNPYwNctFUS5lMSF95yEpybAzdY6"},"senderMessageKeys":[]},{"senderKeyId":945178736,"senderChainKey":{"iteration":1,"seed":"tOOnvBr/y3leTUB6YEoUhBCC89KyRfftfeWt5oSrlD4="},"senderSigningKey":{"public":"BZY7Y11Y/DHKy2GT0qNRl63xMmsnxmJW1Iz90tC4y3pe"},"senderMessageKeys":[]},{"senderKeyId":496266224,"senderChainKey":{"iteration":1,"seed":"By6LkV8mwBVYIM/Rv2C7aSsnrY2P7LDgu0jrgj/5AsU="},"senderSigningKey":{"public":"BTMyGT1dmYwqhrheEUdgQ1huryGeMfgOEJECz7OnIspm"},"senderMessageKeys":[]},{"senderKeyId":496266224,"senderChainKey":{"iteration":1,"seed":"By6LkV8mwBVYIM/Rv2C7aSsnrY2P7LDgu0jrgj/5AsU="},"senderSigningKey":{"public":"BTMyGT1dmYwqhrheEUdgQ1huryGeMfgOEJECz7OnIspm"},"senderMessageKeys":[]},{"senderKeyId":1310161046,"senderChainKey":{"iteration":1,"seed":"aWCi8zKKF17wiRiApGYWE8zVqPksBS2VbLoAsTGGB3A="},"senderSigningKey":{"public":"BXnNhB2Wm6tWLdaHiNZ/c8/PcE36u92i4RCgjeoJKB1c"},"senderMessageKeys":[]}]