[{"senderKeyId":430725280,"senderChainKey":{"iteration":3,"seed":"+/o+CplRTN8YnNepErXHeNK2oQx470hjCjIEgQ52w04="},"senderSigningKey":{"public":"BUA/6Oz+cPwbxxAlRimTFSdZkXr8SSa+OQt9mc/s6Qxc"},"senderMessageKeys":[]},{"senderKeyId":430725280,"senderChainKey":{"iteration":1,"seed":"jQ49oNtXVfkk8JjuqnGVcooIxDHVCW15GhVgsrwDC40="},"senderSigningKey":{"public":"BUA/6Oz+cPwbxxAlRimTFSdZkXr8SSa+OQt9mc/s6Qxc"},"senderMessageKeys":[]},{"senderKeyId":1880477690,"senderChainKey":{"iteration":5,"seed":"9lyAArgSqxum+NmiRtlkFUsp3ZpUequQOgoLEQOnAO0="},"senderSigningKey":{"public":"Ba1X4Uqpul++sMizC5l2UJbRdjtaD8Fg1AIwULKeBRx6"},"senderMessageKeys":[]}]