[{"senderKeyId":1224571101,"senderChainKey":{"iteration":1,"seed":"xnKZHYf8dfPFi/i17ajylKbNb1XHpZXHZ/mVj3c42Pc="},"senderSigningKey":{"public":"BdiAhrANxYr9/S8pObEQ+DsHvl5AQtwZT0f4ruvqsHQF"},"senderMessageKeys":[]},{"senderKeyId":1224571101,"senderChainKey":{"iteration":1,"seed":"xnKZHYf8dfPFi/i17ajylKbNb1XHpZXHZ/mVj3c42Pc="},"senderSigningKey":{"public":"BdiAhrANxYr9/S8pObEQ+DsHvl5AQtwZT0f4ruvqsHQF"},"senderMessageKeys":[]},{"senderKeyId":1335578304,"senderChainKey":{"iteration":1,"seed":"CiefWDfVXHX7BjjJYLRlqoJ3+IjH04SxO/Hrz3ir3io="},"senderSigningKey":{"public":"Bf/ncxo4jbYNnoQpeFNDPAbEtZpzZ0XSSplop7PkwnNV"},"senderMessageKeys":[]},{"senderKeyId":2030536478,"senderChainKey":{"iteration":2,"seed":"qUr5hcKfz8AeC3s3QtocX5uN+21R/PKS7A4gmaUrSAA="},"senderSigningKey":{"public":"BeZd6DJrkHhFt0HZULYgEpbw7JOQvYj+67x22InpgnYl"},"senderMessageKeys":[]},{"senderKeyId":207760530,"senderChainKey":{"iteration":1,"seed":"iPeE/+GFwyfW9gVZD6mbaRt2paIiDrHfy34nh8pHLB4="},"senderSigningKey":{"public":"BbsdhrPu2yoTq6p+dMexGTB7m0g1EJpzwrbLkFNZg9Ad"},"senderMessageKeys":[]}]