[{"senderKeyId":122292123,"senderChainKey":{"iteration":1,"seed":"gXBnLSRhU4RFBQkRzA98G157l6T7W6iaUl+WkMOjohc="},"senderSigningKey":{"public":"BbB2uv+kDEl+okQ10aHTb1iIllUG3PHwksE+KsrOarc4"},"senderMessageKeys":[]},{"senderKeyId":1437556889,"senderChainKey":{"iteration":9,"seed":"hZJq562avcWFt/TGp1KitWBdTEKg7TRlyqg6EWN0PL8="},"senderSigningKey":{"public":"BScgAvqSNYS155ZGhlQRptYjMfUCegfFyY1Ib9XczScu"},"senderMessageKeys":[]},{"senderKeyId":1941335328,"senderChainKey":{"iteration":1,"seed":"wwrdmgXsZAelhDrSKopcYfg0FSIs2VwpHkGwx6H7ksI="},"senderSigningKey":{"public":"BauV7VONh5J2LC7ueKSA+4WTNCMV278g27FrnKnIClNf"},"senderMessageKeys":[]},{"senderKeyId":220837754,"senderChainKey":{"iteration":1,"seed":"xoTpgrfOAfbJ9RyqsLCjeZao2NoV2zNnqueWuB/RrpM="},"senderSigningKey":{"public":"BXkcAJ//fZo5DntaCeHIm6yJWSkOSUV4cQocQJ95s7Et"},"senderMessageKeys":[]},{"senderKeyId":1189073892,"senderChainKey":{"iteration":1,"seed":"C7F5B7ojdJM7+cY2fLrItGw4in8XkVDQgXql7Ks9UTs="},"senderSigningKey":{"public":"BRNmbW22u/AiUxPy5npCWWv05dtdQ7ngBbfMTgkrEcxE"},"senderMessageKeys":[]}]