[{"senderKeyId":840384228,"senderChainKey":{"iteration":1,"seed":"cRNRPyRzKaIxil/SLChDz8DO+GKTFYUVuxdVibKtA3M="},"senderSigningKey":{"public":"BYUKCiWpz/kV9pPgEiyLoDIiQG4aD3lGd6TC5LYGlwZg"},"senderMessageKeys":[]},{"senderKeyId":840384228,"senderChainKey":{"iteration":1,"seed":"cRNRPyRzKaIxil/SLChDz8DO+GKTFYUVuxdVibKtA3M="},"senderSigningKey":{"public":"BYUKCiWpz/kV9pPgEiyLoDIiQG4aD3lGd6TC5LYGlwZg"},"senderMessageKeys":[]},{"senderKeyId":840384228,"senderChainKey":{"iteration":1,"seed":"cRNRPyRzKaIxil/SLChDz8DO+GKTFYUVuxdVibKtA3M="},"senderSigningKey":{"public":"BYUKCiWpz/kV9pPgEiyLoDIiQG4aD3lGd6TC5LYGlwZg"},"senderMessageKeys":[]},{"senderKeyId":1019307342,"senderChainKey":{"iteration":1,"seed":"q3Je5c7VMr/TNnSGYpkc+btJQBZzySBktao9vOJF9Hg="},"senderSigningKey":{"public":"BTPwnG7CrPqmeWZiTTr86s6pis9bSCWpIkuflmT/0Xgv"},"senderMessageKeys":[]},{"senderKeyId":1898958382,"senderChainKey":{"iteration":0,"seed":"aPiDfAFpM1YtHTP0FNf7+jEPVxqJMsItIwaU9W+Jq/U="},"senderSigningKey":{"public":"BTyvhujGErmzZXcpQ1D6wl/+B4mN7KXQw9/nuNvgsdNK"}}]