[{"senderKeyId":1171566307,"senderChainKey":{"iteration":160,"seed":"h2KkieAssCwO/WkzjhQNwhuDcvcFV3AMpAwKi0Dt+GI="},"senderSigningKey":{"public":"BdnqzL+k4KY6mS3U111ge88ROFNQXCtd4334BPtFM4Vc"},"senderMessageKeys":[{},{},{},{},{}]},{"senderKeyId":1171566307,"senderChainKey":{"iteration":120,"seed":"YU56J5N9CTpqCyZSCh+Ato5H5mE80dVEZIhjQ6bWOPQ="},"senderSigningKey":{"public":"BdnqzL+k4KY6mS3U111ge88ROFNQXCtd4334BPtFM4Vc"},"senderMessageKeys":[]},{"senderKeyId":1171566307,"senderChainKey":{"iteration":121,"seed":"HBoD1qJ/6RiBAitNnfmD5nSpXnhoPhk2eSLLtWYiP8I="},"senderSigningKey":{"public":"BdnqzL+k4KY6mS3U111ge88ROFNQXCtd4334BPtFM4Vc"},"senderMessageKeys":[]},{"senderKeyId":1171566307,"senderChainKey":{"iteration":123,"seed":"XJXWJwyp/V9mT4lpd/csdB/qoVQzA4ocs6OEwWSr6lE="},"senderSigningKey":{"public":"BdnqzL+k4KY6mS3U111ge88ROFNQXCtd4334BPtFM4Vc"},"senderMessageKeys":[]},{"senderKeyId":1171566307,"senderChainKey":{"iteration":124,"seed":"y40WViNfHS+69judaeHqiEv7XWYqsjjQ9+Sv2IjhaGA="},"senderSigningKey":{"public":"BdnqzL+k4KY6mS3U111ge88ROFNQXCtd4334BPtFM4Vc"},"senderMessageKeys":[]}]