[{"senderKeyId":291711316,"senderChainKey":{"iteration":1,"seed":"o+4Iv5K0X3DcZjHOYPGlZU75+cMQjVcbExsMJcLuw9U="},"senderSigningKey":{"public":"BWOr2lnSgcf+QcLW3ZWZQ8KSTWhkTVX/6Egdsk9ho5ZN"},"senderMessageKeys":[]},{"senderKeyId":594047067,"senderChainKey":{"iteration":1,"seed":"3BTzRPXv0mD5fYxSeDCAFRpPArnJ2FtYKRZsRS6J6FI="},"senderSigningKey":{"public":"Be0b93U/ZqJOaU8ps0ktr6N0p+0i8ZxvKeAJRuLzw5VD"},"senderMessageKeys":[]},{"senderKeyId":234922617,"senderChainKey":{"iteration":3,"seed":"r6m7ymgYTcxh7yoVVOJ1Y4w7eNApAcfodkw38KuWL9s="},"senderSigningKey":{"public":"BdIW2xIZLwF4/2Ju0xS//ImjtV9AUi3LfmVJLsdGhNp3"},"senderMessageKeys":[]},{"senderKeyId":234922617,"senderChainKey":{"iteration":1,"seed":"TxgxswrqAE7unGokYQB1zxnyeTmBq9WNNtq9HrjsqzU="},"senderSigningKey":{"public":"BdIW2xIZLwF4/2Ju0xS//ImjtV9AUi3LfmVJLsdGhNp3"},"senderMessageKeys":[]},{"senderKeyId":1849781214,"senderChainKey":{"iteration":1,"seed":"lu3nTjnwln56r8yNjmFy0ScM+bDkdXVc7Rc/coKrvag="},"senderSigningKey":{"public":"BYXsJouSlKPMP7e7cM8TUjW9k8MdX1bbIQRq9nXXKfk9"},"senderMessageKeys":[]}]