[{"senderKeyId":1662666377,"senderChainKey":{"iteration":1,"seed":"t6pV2K3qXWMxLt2Y5nZfCCgbFKWGMk79mu0VQ1xGArA="},"senderSigningKey":{"public":"BTTv4bSW3yJ0WDV+yB8TnH7cjAdNZtC2/lnYtrOLIBVf"},"senderMessageKeys":[]},{"senderKeyId":657348383,"senderChainKey":{"iteration":0,"seed":"5jrdD6uXOKFfRduXW69IJLexu2Az42p+rnV8zulUsOE="},"senderSigningKey":{"public":"Be9bBH8krNi3M8QR3wTljm0S5AKfG6+eE8ipzxvOHhkR"},"senderMessageKeys":[]},{"senderKeyId":657348383,"senderChainKey":{"iteration":0,"seed":"5jrdD6uXOKFfRduXW69IJLexu2Az42p+rnV8zulUsOE="},"senderSigningKey":{"public":"Be9bBH8krNi3M8QR3wTljm0S5AKfG6+eE8ipzxvOHhkR"}}]