[{"senderKeyId":1776078735,"senderChainKey":{"iteration":3,"seed":"ePL/EPZJZyw4y32NF5Jw3w9CJepjpNtxcXVT075gk9c="},"senderSigningKey":{"public":"BZ5LMblLM6iMDa3PrsqY0vN8fLjgrnme7M4/e4k2lttI"},"senderMessageKeys":[]},{"senderKeyId":1776078735,"senderChainKey":{"iteration":2,"seed":"ED4l4Syo9x1e9a0iwReilQQfsV8rlfv5dhLKTnpIqpw="},"senderSigningKey":{"public":"BZ5LMblLM6iMDa3PrsqY0vN8fLjgrnme7M4/e4k2lttI"},"senderMessageKeys":[]},{"senderKeyId":1549408565,"senderChainKey":{"iteration":2,"seed":"2AeCt2fD8ETJJmmgbSBwmTl6OE5uKjVAWP43Eyrs+Bk="},"senderSigningKey":{"public":"BX3orBKNZWea//eINYjm+4gHMNUA6cqhcRLSBUjPfJwr"},"senderMessageKeys":[]},{"senderKeyId":802082504,"senderChainKey":{"iteration":3,"seed":"Komk3VyDeJDkH17bPuNxOoTNkw0HvQ3+2Z3rh2bhdpU="},"senderSigningKey":{"public":"BVX4JvqrBAmhTjyE+v/3JSRBh/BXDUoTQCiNC9aHkyMh"},"senderMessageKeys":[]}]