[{"senderKeyId":1539719043,"senderChainKey":{"iteration":3,"seed":"x4ORjUlMvI+J+P+4ZA94DTqErXkqrKXZ46n2dzXNcEE="},"senderSigningKey":{"public":"BVQToyqO/klYI2QBxEIhqeYIlWL51un8FX6Xj5C7uqN2"},"senderMessageKeys":[]},{"senderKeyId":135989516,"senderChainKey":{"iteration":1,"seed":"I9j9AxQprlcMMRqMI8o4AwRSB1lzZSO9NFqcczSVF+c="},"senderSigningKey":{"public":"BTGoluzE72/i60oaMAdiWS5s20M3vohf/mpVNbToAGoj"},"senderMessageKeys":[]},{"senderKeyId":2042406899,"senderChainKey":{"iteration":2,"seed":"ylCY83gUUqTZx2oxLZ/sWIV+6dP/bFap6hA5QxuWMls="},"senderSigningKey":{"public":"BWxDqcK7mogBDC/FcleBzSut9Pf3LkNbPE92vYfAiU92"},"senderMessageKeys":[]},{"senderKeyId":185058775,"senderChainKey":{"iteration":1,"seed":"T5RypURnxdV5/UOXVgTezvD82e0OHSuOWBuMnC0slnM="},"senderSigningKey":{"public":"BXa+xaUIAOBbZ/vQf38S909Wfws1pen2Cj6uwON8WrZR"},"senderMessageKeys":[]}]