[{"senderKeyId":1042704671,"senderChainKey":{"iteration":1,"seed":"ygkCw4vTKkpoPwvoq9w7zs/jU0VLRDSh5YbcijWpIpo="},"senderSigningKey":{"public":"Bck8mKzh+pSDA52ZMTJvKdvyJu5q7AQTrtbN9DORW7Iu"},"senderMessageKeys":[]},{"senderKeyId":902164807,"senderChainKey":{"iteration":1,"seed":"TD0fCMj4i1dS35jIuM/N1l465ebfTw7DcdoClOiAy5g="},"senderSigningKey":{"public":"BXysXvtCL01Y2umC/sR9qbkWhAkntgxXj3WpTMUZLxl0"},"senderMessageKeys":[]},{"senderKeyId":1006961383,"senderChainKey":{"iteration":1,"seed":"U0G+3QOZWb4Z3N08LJNhCqAFuikLxMD1kOLKKz0tunM="},"senderSigningKey":{"public":"BTMceavp+jd2W2lK+DbASXGffteW/G7W7HebHLkPj8lk"},"senderMessageKeys":[]},{"senderKeyId":2057384350,"senderChainKey":{"iteration":1,"seed":"5WpQ/NtjtVLAs3m2kyZ6Nm4Q08u6GMkbRMOwzkKy7vM="},"senderSigningKey":{"public":"BXdXucHJXF6eCiniy3XOqgxGHZwLXs9EU+W6LtsW8DwZ"},"senderMessageKeys":[]}]