[{"senderKeyId":1922005169,"senderChainKey":{"iteration":1,"seed":"YHrPRoKmPMGRBbhiJbdbCDV9Dcj/aO6kcmFOqc2edAk="},"senderSigningKey":{"public":"BW6wBQLa/TQgEB4ZaHxJjY3Gz7Le1wP5JztWRRNfaUBo"},"senderMessageKeys":[]},{"senderKeyId":1432375064,"senderChainKey":{"iteration":1,"seed":"t+JgS7bhhvKuuaNa246VxGVGlfPDbJ+Gqgglb8gmJBU="},"senderSigningKey":{"public":"BfzFVOBusJ7bEWyP4+WMd3t5Fqve0cqZ35DzbqteEVQt"},"senderMessageKeys":[]},{"senderKeyId":676836093,"senderChainKey":{"iteration":0,"seed":"JKWUyeYqVQU/YFlIOgmMWJ1br/sLthBWDEjAufCoYbs="},"senderSigningKey":{"public":"BZ39u8zcEtsdvFsjdiYUCc8YsBcqwo7P5WdQtE6Ykvdu"}}]