[{"senderKeyId":272925922,"senderChainKey":{"iteration":55,"seed":"fceLJ7MAH77Y9NbhnmEp9PKtdl2f3CnMXe2uSafbQW0="},"senderSigningKey":{"public":"BeWYGmKhrTSTmrR6IM767L1XHy2VbEusteSpapHg0Nok"},"senderMessageKeys":[]},{"senderKeyId":272925922,"senderChainKey":{"iteration":1,"seed":"g8lDOjmmi42wtKuWxyGD3VZNqg7DdfiRBsEFPUHhHs0="},"senderSigningKey":{"public":"BeWYGmKhrTSTmrR6IM767L1XHy2VbEusteSpapHg0Nok"},"senderMessageKeys":[]},{"senderKeyId":272925922,"senderChainKey":{"iteration":2,"seed":"jxcbIhU3B7qRvrVg7VzxExz+SNfk+P4QcI3vxZV77oM="},"senderSigningKey":{"public":"BeWYGmKhrTSTmrR6IM767L1XHy2VbEusteSpapHg0Nok"},"senderMessageKeys":[]},{"senderKeyId":272925922,"senderChainKey":{"iteration":24,"seed":"PCdseZ845C3CoJUgBko5qIAOS8mRq25dnmaqU6GeJ/0="},"senderSigningKey":{"public":"BeWYGmKhrTSTmrR6IM767L1XHy2VbEusteSpapHg0Nok"},"senderMessageKeys":[]},{"senderKeyId":272925922,"senderChainKey":{"iteration":45,"seed":"BQIHFXemPiHk4EwLnQaAdw0XJGRttxwObZi4s73Is3U="},"senderSigningKey":{"public":"BeWYGmKhrTSTmrR6IM767L1XHy2VbEusteSpapHg0Nok"},"senderMessageKeys":[]}]