[{"senderKeyId":645026683,"senderChainKey":{"iteration":2,"seed":"KhHPExtuqO7Avyyo91wIwkR9/QejQpSCAeoJ9InMpRM="},"senderSigningKey":{"public":"BccRvleCo6aZxCuk33FyY2if0NIbSWuyuUmdOFthM0Zx"},"senderMessageKeys":[]},{"senderKeyId":645026683,"senderChainKey":{"iteration":2,"seed":"KhHPExtuqO7Avyyo91wIwkR9/QejQpSCAeoJ9InMpRM="},"senderSigningKey":{"public":"BccRvleCo6aZxCuk33FyY2if0NIbSWuyuUmdOFthM0Zx"},"senderMessageKeys":[]},{"senderKeyId":295017854,"senderChainKey":{"iteration":2,"seed":"3F8/XV5FusO8Hci+/LktMKnDMR55UfdPdUE4mhJt/KE="},"senderSigningKey":{"public":"Bd4YX3FqQr7+v2pKNkmmqhCKOiTZrEldLBN2JPv8AR54"},"senderMessageKeys":[]},{"senderKeyId":498649567,"senderChainKey":{"iteration":1,"seed":"gx1uStVYiz8GrHrhzw2K6yHfMmD5bl/2U+A8qNu9i+Y="},"senderSigningKey":{"public":"Be5TymRnFyhwCYIDQg9tQDmynhrpDrBmkobzCrQ2SCoA"}}]