[{"senderKeyId":413102141,"senderChainKey":{"iteration":1,"seed":"PpWqv2bDuHtdL1jNQFc1j4lv5jOEIC1+l8DgjR6huWs="},"senderSigningKey":{"public":"BWSvhpzJH0U7xqBclyRirsi/QYECOFMaGZe61s9Ukd5+"},"senderMessageKeys":[]},{"senderKeyId":652375855,"senderChainKey":{"iteration":1,"seed":"41OYNhgSTkkUkMjouJntBCNXiGwrqGXHxJtnLw2AeNU="},"senderSigningKey":{"public":"BUjLrh9SoqQtHvFTkKaaJMoB6fxSUYH6HJmJA5HWDNla"},"senderMessageKeys":[]},{"senderKeyId":126359767,"senderChainKey":{"iteration":1,"seed":"VYcNH7Y52xNI/IuY+sMHka9KpYTpKTbGNy7By4iwr4c="},"senderSigningKey":{"public":"BZBIiuPFPggNfvpDNRc4PqWyjJ0lGBkx74+24hy2ZGcW"},"senderMessageKeys":[]},{"senderKeyId":412340432,"senderChainKey":{"iteration":3,"seed":"p7BhGIyKm2EzQH5cZ4OoP8OiQQrPpG5DqAeWbuGSjqU="},"senderSigningKey":{"public":"BY3wHwuhCI8BQgGGN9AK8ovG8ssKbiwGC7NYI8hYFIk2"},"senderMessageKeys":[]},{"senderKeyId":1974709761,"senderChainKey":{"iteration":0,"seed":"UT0GrpScOQcl+J1Xhdcco5RYYslx1gf8YawVAv+Za0k="},"senderSigningKey":{"public":"BSWHyL6OVyf8r0dH7iSBtfE9v165vpvsKsvTs0BiglV6"}}]