[{"senderKeyId":475796340,"senderChainKey":{"iteration":15,"seed":"NcWnJzWCoAB2PkG6hiu9a5SSCNyrLvd/Ub+HzfvgiQY="},"senderSigningKey":{"public":"BdM6CaZAXevO/liXqYPX9mL+Oaf4pym95iW4mPg/16t8"},"senderMessageKeys":[{}]},{"senderKeyId":475796340,"senderChainKey":{"iteration":4,"seed":"3+D9AYuwSJmYnAGbozE23Jxw6PUu7j7y3HiWFHVVYuI="},"senderSigningKey":{"public":"BdM6CaZAXevO/liXqYPX9mL+Oaf4pym95iW4mPg/16t8"},"senderMessageKeys":[]},{"senderKeyId":1692846751,"senderChainKey":{"iteration":0,"seed":"L8wVtkUUPuqyY/qnYCDS18FBWP0RldZdoh9b8WcLaL4="},"senderSigningKey":{"public":"BaHtc5VVrSNG+leLIktbohG0jis0mYU9gUrZCpsbRvR1"}}]