[{"senderKeyId":678912657,"senderChainKey":{"iteration":0,"seed":"z09Dw/MK43sH9g98YPlWkTFwyqtx19ZmM+y2gQlMd9Q="},"senderSigningKey":{"public":"BeW70/cyfCP2nII+urwTD6w9rq+7qCYgwyty1ca6knpu"},"senderMessageKeys":[]},{"senderKeyId":678912657,"senderChainKey":{"iteration":0,"seed":"z09Dw/MK43sH9g98YPlWkTFwyqtx19ZmM+y2gQlMd9Q="},"senderSigningKey":{"public":"BeW70/cyfCP2nII+urwTD6w9rq+7qCYgwyty1ca6knpu"},"senderMessageKeys":[]},{"senderKeyId":678912657,"senderChainKey":{"iteration":0,"seed":"z09Dw/MK43sH9g98YPlWkTFwyqtx19ZmM+y2gQlMd9Q="},"senderSigningKey":{"public":"BeW70/cyfCP2nII+urwTD6w9rq+7qCYgwyty1ca6knpu"},"senderMessageKeys":[]},{"senderKeyId":678912657,"senderChainKey":{"iteration":0,"seed":"z09Dw/MK43sH9g98YPlWkTFwyqtx19ZmM+y2gQlMd9Q="},"senderSigningKey":{"public":"BeW70/cyfCP2nII+urwTD6w9rq+7qCYgwyty1ca6knpu"},"senderMessageKeys":[]},{"senderKeyId":678912657,"senderChainKey":{"iteration":0,"seed":"z09Dw/MK43sH9g98YPlWkTFwyqtx19ZmM+y2gQlMd9Q="},"senderSigningKey":{"public":"BeW70/cyfCP2nII+urwTD6w9rq+7qCYgwyty1ca6knpu"}}]