[{"senderKeyId":947389368,"senderChainKey":{"iteration":1,"seed":"K0CDE0p023Y1yyqMAl2F2mIJhdqr0pzWk19178cgh8U="},"senderSigningKey":{"public":"Bf1gIOIOHpsyd1Fn43eDQU18lczyOYgRPmaecm7SiW1b"},"senderMessageKeys":[]},{"senderKeyId":947389368,"senderChainKey":{"iteration":1,"seed":"K0CDE0p023Y1yyqMAl2F2mIJhdqr0pzWk19178cgh8U="},"senderSigningKey":{"public":"Bf1gIOIOHpsyd1Fn43eDQU18lczyOYgRPmaecm7SiW1b"},"senderMessageKeys":[]},{"senderKeyId":947389368,"senderChainKey":{"iteration":1,"seed":"K0CDE0p023Y1yyqMAl2F2mIJhdqr0pzWk19178cgh8U="},"senderSigningKey":{"public":"Bf1gIOIOHpsyd1Fn43eDQU18lczyOYgRPmaecm7SiW1b"},"senderMessageKeys":[]},{"senderKeyId":947389368,"senderChainKey":{"iteration":1,"seed":"K0CDE0p023Y1yyqMAl2F2mIJhdqr0pzWk19178cgh8U="},"senderSigningKey":{"public":"Bf1gIOIOHpsyd1Fn43eDQU18lczyOYgRPmaecm7SiW1b"},"senderMessageKeys":[]},{"senderKeyId":267828263,"senderChainKey":{"iteration":7,"seed":"EA3wCwYBaU4D+AEsp4SsB7mkLyjqTEHlRhLrOYGaj54="},"senderSigningKey":{"public":"BZ1wZmCU6QC7SJakneoj5cFOi9+j2qTOzvci4sJuX/Qo"},"senderMessageKeys":[]}]