[{"senderKeyId":344259389,"senderChainKey":{"iteration":5,"seed":"38mDryWAU6LJEsagpBgBqFvoDQReWNRICuuKbL0arWQ="},"senderSigningKey":{"public":"BfZzSBudnffrd78FrZOSp4oXADEibk4bv3VMZT/Udq8N"},"senderMessageKeys":[]},{"senderKeyId":344259389,"senderChainKey":{"iteration":2,"seed":"+QBWdmZbSuGArum9Zj7spUKdCpTJWCTvGcUL9TWfxNQ="},"senderSigningKey":{"public":"BfZzSBudnffrd78FrZOSp4oXADEibk4bv3VMZT/Udq8N"},"senderMessageKeys":[]},{"senderKeyId":344259389,"senderChainKey":{"iteration":3,"seed":"fz82dGVHShVx93wAwqRIyIj89BuByn7lMuyjidD8C3s="},"senderSigningKey":{"public":"BfZzSBudnffrd78FrZOSp4oXADEibk4bv3VMZT/Udq8N"},"senderMessageKeys":[]}]