[{"senderKeyId":701824185,"senderChainKey":{"iteration":5,"seed":"XbJzMRIapif9OknBFN2QhVEY4OP5QCCFDZxbFigI9VI="},"senderSigningKey":{"public":"BfSemCnMBQkvOAIreDOZO75CQk2wye78BR97vJ/3wAY6"},"senderMessageKeys":[]},{"senderKeyId":2001046030,"senderChainKey":{"iteration":1,"seed":"Netr7NL7Uy2HO11qFefHGKcl4XB9PkwZu2UwJc7gblc="},"senderSigningKey":{"public":"BY0fI/uYdn3bqchUJbM50St2ZulwYnuFEUx9WjNsFOJ0"},"senderMessageKeys":[]},{"senderKeyId":1163697716,"senderChainKey":{"iteration":3,"seed":"YNSFFbjxhii1SkrYS5sLEnP6viy38B7mZJF7na9F0Ts="},"senderSigningKey":{"public":"BavWua95WfUZXRH/UgJBxrZZpUc2s1SqjNgNTmrWnytw"},"senderMessageKeys":[]},{"senderKeyId":2049016126,"senderChainKey":{"iteration":5,"seed":"8OISspZmjSzzt48EqfOqM+IIU7HPIcD9ZD0LQl+uMLA="},"senderSigningKey":{"public":"BV9QYsW8GCIL4+cEE6JmqqFp3FUx3tWcX4BmzyWSB+c3"},"senderMessageKeys":[]},{"senderKeyId":440322656,"senderChainKey":{"iteration":1,"seed":"ZXmLb1hhLcEsu4MPej4kdHRzTPQD7fMJ4o91b5cUHtc="},"senderSigningKey":{"public":"BdsZOQFZJJIYbYQe4mLBs8bs2jJuDaGRqoD7Ib3qtNlo"},"senderMessageKeys":[]}]