[{"senderKeyId":1874858327,"senderChainKey":{"iteration":0,"seed":"bXqS3EHTE/Vkm5ODSUItxiXSTTm2JAM81boIyQacJWg="},"senderSigningKey":{"public":"BSFiwc19KpaRK0BhA8hBx6lEtjDHN3dAzdC9hvx5AWIg"},"senderMessageKeys":[]},{"senderKeyId":1874858327,"senderChainKey":{"iteration":0,"seed":"bXqS3EHTE/Vkm5ODSUItxiXSTTm2JAM81boIyQacJWg="},"senderSigningKey":{"public":"BSFiwc19KpaRK0BhA8hBx6lEtjDHN3dAzdC9hvx5AWIg"},"senderMessageKeys":[]},{"senderKeyId":1874858327,"senderChainKey":{"iteration":0,"seed":"bXqS3EHTE/Vkm5ODSUItxiXSTTm2JAM81boIyQacJWg="},"senderSigningKey":{"public":"BSFiwc19KpaRK0BhA8hBx6lEtjDHN3dAzdC9hvx5AWIg"},"senderMessageKeys":[]},{"senderKeyId":1874858327,"senderChainKey":{"iteration":0,"seed":"bXqS3EHTE/Vkm5ODSUItxiXSTTm2JAM81boIyQacJWg="},"senderSigningKey":{"public":"BSFiwc19KpaRK0BhA8hBx6lEtjDHN3dAzdC9hvx5AWIg"},"senderMessageKeys":[]},{"senderKeyId":1874858327,"senderChainKey":{"iteration":0,"seed":"bXqS3EHTE/Vkm5ODSUItxiXSTTm2JAM81boIyQacJWg="},"senderSigningKey":{"public":"BSFiwc19KpaRK0BhA8hBx6lEtjDHN3dAzdC9hvx5AWIg"}}]