[{"senderKeyId":1395533156,"senderChainKey":{"iteration":21,"seed":"iMfEa0TY6qmE4y8KKqXzLvQyWG31s2RRR4cRIes4RJU="},"senderSigningKey":{"public":"BSaG72X8hjSbpAOWMcl3YtujJ+iCwvAHYqf8MpzEIJEi"},"senderMessageKeys":[{},{},{},{},{},{},{},{},{},{},{},{},{},{},{},{}]},{"senderKeyId":1395533156,"senderChainKey":{"iteration":2,"seed":"OlArHWvsKpuPpNSNw6qnrrMDB0PnCesm0segW7Q5hds="},"senderSigningKey":{"public":"BSaG72X8hjSbpAOWMcl3YtujJ+iCwvAHYqf8MpzEIJEi"},"senderMessageKeys":[]},{"senderKeyId":1395533156,"senderChainKey":{"iteration":3,"seed":"7XkAgWSvypEUPY+SS9XWtOyzqxW3n4J10mkJ8OdsA8g="},"senderSigningKey":{"public":"BSaG72X8hjSbpAOWMcl3YtujJ+iCwvAHYqf8MpzEIJEi"},"senderMessageKeys":[]},{"senderKeyId":1395533156,"senderChainKey":{"iteration":14,"seed":"9oE+HQ3BcXA8wWcx6R6n8WqWL1s2Up+Kualr8441Sl0="},"senderSigningKey":{"public":"BSaG72X8hjSbpAOWMcl3YtujJ+iCwvAHYqf8MpzEIJEi"},"senderMessageKeys":[]},{"senderKeyId":1395533156,"senderChainKey":{"iteration":17,"seed":"npCWT08qLxpZ4sn4b34SXTXm4xpDiHfdNxlUP9jTC7U="},"senderSigningKey":{"public":"BSaG72X8hjSbpAOWMcl3YtujJ+iCwvAHYqf8MpzEIJEi"},"senderMessageKeys":[]}]