[{"senderKeyId":1602119221,"senderChainKey":{"iteration":2,"seed":"1Pl8RPV3OjY/3OEtyJC0iRjt5l8vosSYJaHkj8Ym8k8="},"senderSigningKey":{"public":"BYU9msg3YUSsXRcWM/bHi2KoN5QC2gxTqENTLFHYg3Fw"},"senderMessageKeys":[]},{"senderKeyId":1035147101,"senderChainKey":{"iteration":2,"seed":"dAM6ADKwmXx7kxjvtMZ0UPEMzeEc0r/E7psM92Qufhg="},"senderSigningKey":{"public":"BcxOHZSr1KtR1CL1EZ88iXwKnSncq1LxhISS9nx9C6hz"},"senderMessageKeys":[]},{"senderKeyId":1874806709,"senderChainKey":{"iteration":3,"seed":"vN+6mWgldx+GBF9lGq4e2lblLzNjEAtNvWZZGt5SZeU="},"senderSigningKey":{"public":"BblomF/2AIiti6MTHz4t4qd/EQaTtESs47KPsfejw+4o"},"senderMessageKeys":[]},{"senderKeyId":545736017,"senderChainKey":{"iteration":5,"seed":"fnt9hm5eR7voFwtI9gVDvYKiq6A6R67+dZnzNW8adHg="},"senderSigningKey":{"public":"BQttYqgyQc2+875JALhe0pahT53jaF/syPc1aWvfMytl"},"senderMessageKeys":[]},{"senderKeyId":545736017,"senderChainKey":{"iteration":1,"seed":"vEUjYvEQ5JS0BiHg7FuEysITPICadVxk6a8TSV72hIM="},"senderSigningKey":{"public":"BQttYqgyQc2+875JALhe0pahT53jaF/syPc1aWvfMytl"},"senderMessageKeys":[]}]