[{"senderKeyId":863490498,"senderChainKey":{"iteration":9,"seed":"Roa/WCk9/euI6uadyhiCbZhH3698SD4dZoHkEyk5dF8="},"senderSigningKey":{"public":"BV/b+y7bRVO7QqiwFIo3juyXLCtscPdD3CMeHDQLYftH"},"senderMessageKeys":[]},{"senderKeyId":863490498,"senderChainKey":{"iteration":3,"seed":"yoLsr3vcKpvc3b4238Au/KmGDACuFexyHqC4cfX3dBc="},"senderSigningKey":{"public":"BV/b+y7bRVO7QqiwFIo3juyXLCtscPdD3CMeHDQLYftH"},"senderMessageKeys":[]},{"senderKeyId":863490498,"senderChainKey":{"iteration":5,"seed":"LsTtNNBvHs5apKZMo41LE22CSlMA/MjPGRUgLUUtlQU="},"senderSigningKey":{"public":"BV/b+y7bRVO7QqiwFIo3juyXLCtscPdD3CMeHDQLYftH"},"senderMessageKeys":[]}]