[{"senderKeyId":67078564,"senderChainKey":{"iteration":59,"seed":"9oSi6++/an+CCm85AYixg1X/cievA5R6LiOHpb2BTx0="},"senderSigningKey":{"public":"BVX7U84m98PcUS+PtLKoN/ni+kHfHAdHFma138O3j/15"},"senderMessageKeys":[{}]},{"senderKeyId":941387600,"senderChainKey":{"iteration":8,"seed":"LEGQQPE0VTVIfmIi47yhp1U1etCsGkz5De9O/11eLX0="},"senderSigningKey":{"public":"BU/toOjoSjRHetlj24pnX104sBaxKtF/HmLIyukZPs5G"},"senderMessageKeys":[]},{"senderKeyId":809632387,"senderChainKey":{"iteration":42,"seed":"b3d0tXqj9VLNBhkFWnYhCsBdEAKxo7QHsfwqhrrDaZE="},"senderSigningKey":{"public":"Bf8aWdJcy8sGrSYbNkF11DMA8VMX5cba5Nskn1PYlpgP"},"senderMessageKeys":[]},{"senderKeyId":809632387,"senderChainKey":{"iteration":2,"seed":"6scFO/3PqsebuvbIplBB/UhCkH5iLSXmWGsXslBCbTU="},"senderSigningKey":{"public":"Bf8aWdJcy8sGrSYbNkF11DMA8VMX5cba5Nskn1PYlpgP"},"senderMessageKeys":[]},{"senderKeyId":809632387,"senderChainKey":{"iteration":15,"seed":"tfaxzk8wya2PzyCJZYo0fy8oeJcQMSbsy0GS20YKFD8="},"senderSigningKey":{"public":"Bf8aWdJcy8sGrSYbNkF11DMA8VMX5cba5Nskn1PYlpgP"},"senderMessageKeys":[]}]