[{"senderKeyId":57637043,"senderChainKey":{"iteration":1,"seed":"SFvpNxFYJng67eC8FsNkE3jX2FgsFP1ltUxT3z7yq/g="},"senderSigningKey":{"public":"BXcF/ip7EeM1AaivCYjaN28K5eQQ4xYgvJ4g02oj8+A8"},"senderMessageKeys":[]},{"senderKeyId":1868021578,"senderChainKey":{"iteration":1,"seed":"6M/u1+IJKWx7wSRE9bIjmqXEWmThZhJWYAo0MTMNefw="},"senderSigningKey":{"public":"BQuntHNFmJCEoyqWNkX7BEY4x9A1inxpFmNudHRk9mt6"},"senderMessageKeys":[]},{"senderKeyId":1517483281,"senderChainKey":{"iteration":1,"seed":"TDoU3xEEU9Lp1C3tWvFmzpoxhE1+CkCL74GBAjCHKl4="},"senderSigningKey":{"public":"BfUHfD8IdW+6t11OdzIP8TTNp163yYVm1HRKFmXbGB5x"},"senderMessageKeys":[]},{"senderKeyId":472634615,"senderChainKey":{"iteration":1,"seed":"0BT2HFyKBQf88t8Ic3IJdC0XCiVJ4DxauHxH2JnV78g="},"senderSigningKey":{"public":"Bfm1wk6jcLAmnP2Aoc19kLHHqwtB15k9ybFrlTaUPt4f"},"senderMessageKeys":[]}]