[{"senderKeyId":2022945910,"senderChainKey":{"iteration":3,"seed":"IMd3VxZPsalXTeQAGrr/ffufl9/wys04TcWhWBl/y/0="},"senderSigningKey":{"public":"BRX/S4pyFZnuNzooFRa1ebp9JC4ji5mTFPvnu0KPg7Qi"},"senderMessageKeys":[]},{"senderKeyId":42929047,"senderChainKey":{"iteration":1,"seed":"BVzqK/H9i27qNKF/RcXZFQIEEu4g7HiCUsCGof0kgHE="},"senderSigningKey":{"public":"BWSM/SFnnJ43BAKEqeY7CkkLnd1oOYYsVkhX5mcW1996"},"senderMessageKeys":[]},{"senderKeyId":490760129,"senderChainKey":{"iteration":1,"seed":"ditUFY1aQJ/18Zk31pVbzngR1U76AU60yM7C9ExinTU="},"senderSigningKey":{"public":"BT+i5HuJH6yrTDKrsy2Q4jgCklDz1FbGIVS+61ulU4EY"},"senderMessageKeys":[]}]