[{"senderKeyId":1038310397,"senderChainKey":{"iteration":0,"seed":"OvHxYPDT4fNum6aqB7p4jseQJ9/Kg4xbj0zeFTSCs1w="},"senderSigningKey":{"public":"Ba83t5JLkrG1ETFKOGAtrn/bbZnDIG9HejWAuDgj6m4q"},"senderMessageKeys":[]},{"senderKeyId":1038310397,"senderChainKey":{"iteration":0,"seed":"OvHxYPDT4fNum6aqB7p4jseQJ9/Kg4xbj0zeFTSCs1w="},"senderSigningKey":{"public":"Ba83t5JLkrG1ETFKOGAtrn/bbZnDIG9HejWAuDgj6m4q"},"senderMessageKeys":[]},{"senderKeyId":1038310397,"senderChainKey":{"iteration":0,"seed":"OvHxYPDT4fNum6aqB7p4jseQJ9/Kg4xbj0zeFTSCs1w="},"senderSigningKey":{"public":"Ba83t5JLkrG1ETFKOGAtrn/bbZnDIG9HejWAuDgj6m4q"},"senderMessageKeys":[]},{"senderKeyId":490759890,"senderChainKey":{"iteration":10,"seed":"k1FZJjlalNBH2FIy9Id6z+88miRc0jw7e9vZA5MNvfg="},"senderSigningKey":{"public":"BTBUaveBwOShpQ8s3bipKwfSSQODXETtnTgL1xhT4wYS"},"senderMessageKeys":[]},{"senderKeyId":490759890,"senderChainKey":{"iteration":3,"seed":"GVw47MR9prIc6RgFhllLcAYEZiWn3GcPtH7Io6xwQxg="},"senderSigningKey":{"public":"BTBUaveBwOShpQ8s3bipKwfSSQODXETtnTgL1xhT4wYS"},"senderMessageKeys":[]}]