[{"senderKeyId":1876907197,"senderChainKey":{"iteration":31,"seed":"JjTfBYh5X9Ul4/sodxH2ks5VquBDQwPsp2K3tQrz7gA="},"senderSigningKey":{"public":"Bf+9EGDNHQFD9dzvC49krHLEzY9ogpWOadLEmBAFjJwp"},"senderMessageKeys":[{},{},{},{},{},{},{}]},{"senderKeyId":1876907197,"senderChainKey":{"iteration":22,"seed":"rKnH7z1zd93UB+hBVjrBDQrOdlqlYZNCtramkxLOFhM="},"senderSigningKey":{"public":"Bf+9EGDNHQFD9dzvC49krHLEzY9ogpWOadLEmBAFjJwp"},"senderMessageKeys":[]},{"senderKeyId":1876907197,"senderChainKey":{"iteration":23,"seed":"uW+9QyWvaGd9yGu3E5mMsaJhAT8T+nZ978zj2ONO9Ys="},"senderSigningKey":{"public":"Bf+9EGDNHQFD9dzvC49krHLEzY9ogpWOadLEmBAFjJwp"},"senderMessageKeys":[]},{"senderKeyId":1876907197,"senderChainKey":{"iteration":24,"seed":"nfJU420bAAmqqOLc9CpYxx+IFyxplf/yg+GPYKUpaWU="},"senderSigningKey":{"public":"Bf+9EGDNHQFD9dzvC49krHLEzY9ogpWOadLEmBAFjJwp"},"senderMessageKeys":[]},{"senderKeyId":1876907197,"senderChainKey":{"iteration":26,"seed":"TIl63PFZHIYBc7zo3OAm9rDabk4m9JixCQkPuN+XTZw="},"senderSigningKey":{"public":"Bf+9EGDNHQFD9dzvC49krHLEzY9ogpWOadLEmBAFjJwp"},"senderMessageKeys":[]}]