[{"senderKeyId":1421277504,"senderChainKey":{"iteration":1,"seed":"/pUHrL47jmOq00JJxKgIH499iCixFfAjbSrrKW5il60="},"senderSigningKey":{"public":"BXs1MGMxBUta3hwayHTMuQJy7IQXE50KK47gKNq6F30F"},"senderMessageKeys":[]},{"senderKeyId":1421277504,"senderChainKey":{"iteration":1,"seed":"/pUHrL47jmOq00JJxKgIH499iCixFfAjbSrrKW5il60="},"senderSigningKey":{"public":"BXs1MGMxBUta3hwayHTMuQJy7IQXE50KK47gKNq6F30F"},"senderMessageKeys":[]},{"senderKeyId":1421277504,"senderChainKey":{"iteration":1,"seed":"/pUHrL47jmOq00JJxKgIH499iCixFfAjbSrrKW5il60="},"senderSigningKey":{"public":"BXs1MGMxBUta3hwayHTMuQJy7IQXE50KK47gKNq6F30F"},"senderMessageKeys":[]},{"senderKeyId":1421277504,"senderChainKey":{"iteration":1,"seed":"/pUHrL47jmOq00JJxKgIH499iCixFfAjbSrrKW5il60="},"senderSigningKey":{"public":"BXs1MGMxBUta3hwayHTMuQJy7IQXE50KK47gKNq6F30F"}}]