[{"senderKeyId":379588550,"senderChainKey":{"iteration":1,"seed":"s+2MEo6lXb9BUH4znD/gGRFkhm4fD6ul/LDsNpS/7iU="},"senderSigningKey":{"public":"BUIws8JFvtaScpjKKPWpzHa/B5K+mJ3gdzpDdqxV125v"},"senderMessageKeys":[]},{"senderKeyId":1464488067,"senderChainKey":{"iteration":0,"seed":"byzwhRB/MOVfyFciHetngkZTMXK28IUxwA8kpG5hc4Y="},"senderSigningKey":{"public":"BZjPtGB4l5IIfXqAwj0Jpby5nyCbfA1p598gxisjb7BJ"},"senderMessageKeys":[]},{"senderKeyId":1464488067,"senderChainKey":{"iteration":0,"seed":"byzwhRB/MOVfyFciHetngkZTMXK28IUxwA8kpG5hc4Y="},"senderSigningKey":{"public":"BZjPtGB4l5IIfXqAwj0Jpby5nyCbfA1p598gxisjb7BJ"}}]