[{"senderKeyId":1415763922,"senderChainKey":{"iteration":4,"seed":"bFt5V2+/IUT3khOVhkPbGa+A5EhRI40KsKe8vvstlGo="},"senderSigningKey":{"public":"BRtDZldHnx7hpLYByYuiz7877bdi9fBpNqfquClcf9A6"},"senderMessageKeys":[]},{"senderKeyId":1941249135,"senderChainKey":{"iteration":7,"seed":"UiKnRnz65/UbWycXUyXnXqt0hkhgJ5NWeJLywRMK0GI="},"senderSigningKey":{"public":"BfrPS9Z46Z8dNIdizVJyjafCmuuR5obHVaqECCjccj9V"},"senderMessageKeys":[]},{"senderKeyId":274382355,"senderChainKey":{"iteration":5,"seed":"iHXHiej2sMJcIP5GgZo+NKoc9fFyFnR/ylu7gBdcVwU="},"senderSigningKey":{"public":"BS6Acj8Ho0OgEZCHFBEXEXm0Qy0YtWUyMTG5lHhvIcYq"},"senderMessageKeys":[]}]