[{"senderKeyId":978269872,"senderChainKey":{"iteration":1,"seed":"dG6N2ZafLyy4uqnyA9HbNtT1Ivsu73NTzYAuWupqiEs="},"senderSigningKey":{"public":"BfFVnVNIUdzcJ6x95JfolFD17LAQyr2P3yXpZiYhpt9i"},"senderMessageKeys":[]},{"senderKeyId":102826042,"senderChainKey":{"iteration":5,"seed":"LwCw/DM97g6FjAvixSI4yEr5/dMo/QuGgk/kv1qleoY="},"senderSigningKey":{"public":"BTZ69vZyMWWDglxYVgHWIT11AEV/g1kcNy7y00cSiU4L"},"senderMessageKeys":[]},{"senderKeyId":102826042,"senderChainKey":{"iteration":1,"seed":"etjgYEwNCZbHErM3uuaw5/ELVhl/yuok9oC0HSIWDD0="},"senderSigningKey":{"public":"BTZ69vZyMWWDglxYVgHWIT11AEV/g1kcNy7y00cSiU4L"},"senderMessageKeys":[]},{"senderKeyId":102826042,"senderChainKey":{"iteration":3,"seed":"HSKwFRAoJl4j7BFZ+lUt4oTUgh+rdswJtkxGtsYdZFs="},"senderSigningKey":{"public":"BTZ69vZyMWWDglxYVgHWIT11AEV/g1kcNy7y00cSiU4L"},"senderMessageKeys":[]}]