[{"senderKeyId":1262849171,"senderChainKey":{"iteration":2,"seed":"PQK6E8uL1Y1hlu2PzKc950gee6jhxbhCNiL5Se1yK6A="},"senderSigningKey":{"public":"BYa3dYhS0v3k35GcD5zqmEAJlrTME6U1cxrR6busBRI8"},"senderMessageKeys":[]},{"senderKeyId":1126872628,"senderChainKey":{"iteration":0,"seed":"swkBQDOTg2i/HjvReJrEAhyukReOoT9Nxqlr1hq5ZEM="},"senderSigningKey":{"public":"BYxEEIaW4wMGZzjVOs9NS7o0aWYXzWwB8CkkH9zlm+Qu"},"senderMessageKeys":[]},{"senderKeyId":764757357,"senderChainKey":{"iteration":1,"seed":"UgyZO5DdKrhtWKVyVjdAtB0Ns+LMbNoD59d3dU03ZNM="},"senderSigningKey":{"public":"BQbA03Rk5OSJKkVzgR3tH2j1E9pD9NoTtuBtilq5JjkB"},"senderMessageKeys":[]},{"senderKeyId":764757357,"senderChainKey":{"iteration":0,"seed":"3mvAEUsxL0o9Q6FxvHPlQr9m5/zQiT3NxXGd5BDz6kg="},"senderSigningKey":{"public":"BQbA03Rk5OSJKkVzgR3tH2j1E9pD9NoTtuBtilq5JjkB"},"senderMessageKeys":[]},{"senderKeyId":1812577488,"senderChainKey":{"iteration":1,"seed":"+0dMtdqoil6WNQ9V6mN4vErVY9FIE/Ly6CRv85khQ2g="},"senderSigningKey":{"public":"BQZC0jdp/fhZR7bMXyYQhrOax1M8IuMvKGIqE8WqA3Zd"},"senderMessageKeys":[]}]