[{"senderKeyId":733046445,"senderChainKey":{"iteration":5,"seed":"GHyfcXxXgfYLvNQRnFExnRN5g/D2lisRQB6uWUgPz5Y="},"senderSigningKey":{"public":"BSE9Xh3ixJezLr5iHSfgHUdkzNWQCo8g8/I+dd9rp4xs"},"senderMessageKeys":[]},{"senderKeyId":86633106,"senderChainKey":{"iteration":8,"seed":"wshIy/Wh1L7MnvQzrMh2c2cY07NhW7RZVpc6E+RhXm4="},"senderSigningKey":{"public":"BSahjiTjdSas74/gH6ctATvv++Pdq4XDfGlBqoqfm2IR"},"senderMessageKeys":[]},{"senderKeyId":86633106,"senderChainKey":{"iteration":5,"seed":"WRDsxpzaojNRWFKz6CsVGOFSQM6V3C+TgiClf1ZxC0k="},"senderSigningKey":{"public":"BSahjiTjdSas74/gH6ctATvv++Pdq4XDfGlBqoqfm2IR"},"senderMessageKeys":[]},{"senderKeyId":86633106,"senderChainKey":{"iteration":6,"seed":"/2WuaRbqkmzoM6GX8TK/10j8tFx5FeLin/yRNdCPO9g="},"senderSigningKey":{"public":"BSahjiTjdSas74/gH6ctATvv++Pdq4XDfGlBqoqfm2IR"},"senderMessageKeys":[]},{"senderKeyId":86633106,"senderChainKey":{"iteration":7,"seed":"zCe1wqCwfKyyFQZ2Hfp4rsazdB4lwWX1D5QXogdCXb8="},"senderSigningKey":{"public":"BSahjiTjdSas74/gH6ctATvv++Pdq4XDfGlBqoqfm2IR"},"senderMessageKeys":[]}]