[{"senderKeyId":240104513,"senderChainKey":{"iteration":8,"seed":"1ObqMbFqmx0veo4qTRSFbSQv3gSDnJ1ST0eHvrU0lgY="},"senderSigningKey":{"public":"BboMEterGtfh971lHVC7Q4vAbnHeUni+oHX/U0wO8LE3"},"senderMessageKeys":[]},{"senderKeyId":1622426586,"senderChainKey":{"iteration":1,"seed":"Z3MhKGyZTcBngzKO2YE8T6DjPYUflBfD284ue69cXm8="},"senderSigningKey":{"public":"BcHJIJ6R9MhOqjVCrIcyGOXCKbVPGyiq7ZXMSPxtNfpV"},"senderMessageKeys":[]},{"senderKeyId":1217217041,"senderChainKey":{"iteration":4,"seed":"OIfNFWxDrBgjMkJVXdFtgqtZPmdVVkh33KXl+YapO4A="},"senderSigningKey":{"public":"BcBbPqcEN2sodhUpfkA18IzVpXx2h/Ruu9GtPl093UZy"},"senderMessageKeys":[]},{"senderKeyId":110325839,"senderChainKey":{"iteration":1,"seed":"rDeinXQYwqzOb/z3Kfiur8upoYMOKjnNRPRb7aDFTqc="},"senderSigningKey":{"public":"BTdS0YU69zky4LEJGDsp/UK+BgM7gBnNZa146EZYad8n"},"senderMessageKeys":[]},{"senderKeyId":1522721277,"senderChainKey":{"iteration":2,"seed":"RvVQSuBUVuF11bOl5jUUm6ARQL+av4MOTHvV99QNAO8="},"senderSigningKey":{"public":"BUi+4U87O+/FQHegnvliMM2yuyOMK8zjUAZe0Nx3sIsV"},"senderMessageKeys":[]}]