[{"senderKeyId":467147205,"senderChainKey":{"iteration":144,"seed":"IM3Gx5lYa3kyFODRjrHh1d/2lIUf0+m0srsLw7r+JIQ="},"senderSigningKey":{"public":"Baw5dPCkCqUX++at/GcGvAY55KH5vtiQo19ut2e5Nm5n"},"senderMessageKeys":[]},{"senderKeyId":467147205,"senderChainKey":{"iteration":141,"seed":"jrG/72B6Q0qMBD+kdtJq9k0MwEdRxwIQkl9pnX73Xv0="},"senderSigningKey":{"public":"Baw5dPCkCqUX++at/GcGvAY55KH5vtiQo19ut2e5Nm5n"},"senderMessageKeys":[]},{"senderKeyId":467147205,"senderChainKey":{"iteration":142,"seed":"BFLXiICxZw9gBbIFKcFD9S7ssESzk7YfnNJFhLXrlIM="},"senderSigningKey":{"public":"Baw5dPCkCqUX++at/GcGvAY55KH5vtiQo19ut2e5Nm5n"},"senderMessageKeys":[]}]