[{"senderKeyId":589067284,"senderChainKey":{"iteration":9,"seed":"CIYjzrNUhvy0CPkigaIl7IC26mQz5huc6rPNsCkOfMs="},"senderSigningKey":{"public":"BSVTU+ZK+/AZ9Bvn7KEv1A/0hCBHAn5r7al9LelcVQMI"},"senderMessageKeys":[]},{"senderKeyId":589067284,"senderChainKey":{"iteration":1,"seed":"ow6RmPwOupp5ExGW73JQlYdsEwvhwBlD0AaSOK1ZGx0="},"senderSigningKey":{"public":"BSVTU+ZK+/AZ9Bvn7KEv1A/0hCBHAn5r7al9LelcVQMI"},"senderMessageKeys":[]},{"senderKeyId":589067284,"senderChainKey":{"iteration":2,"seed":"2VcuEIjXGlmg50+6xnwFx7Lortk0RsE+Rc080gA2/Ds="},"senderSigningKey":{"public":"BSVTU+ZK+/AZ9Bvn7KEv1A/0hCBHAn5r7al9LelcVQMI"},"senderMessageKeys":[]},{"senderKeyId":589067284,"senderChainKey":{"iteration":6,"seed":"r3t3+R2hbrp8HJE88HRdGzaJ65SPIsliGSt1VtdJvJg="},"senderSigningKey":{"public":"BSVTU+ZK+/AZ9Bvn7KEv1A/0hCBHAn5r7al9LelcVQMI"},"senderMessageKeys":[]}]