[{"senderKeyId":1046218105,"senderChainKey":{"iteration":1,"seed":"b3tuRgLKFfR9FfsQRxhoCYKu+D8rnMzKE/N5BY89aJ4="},"senderSigningKey":{"public":"BUET3WvywPUh8CLxn3kl8RTw1hOLYeOqs9sNGKD5ZO4/"},"senderMessageKeys":[]},{"senderKeyId":198154974,"senderChainKey":{"iteration":17,"seed":"tjGb5Opp799Qif84pN4TIRFZrerxyM2ChhdnO8lwITI="},"senderSigningKey":{"public":"BWMUNz0s4AVDr8NFeKN1fKsbNIMjqJocPR5zMK2+6J98"},"senderMessageKeys":[]},{"senderKeyId":432747492,"senderChainKey":{"iteration":0,"seed":"WUm+kL1y2zAozLhZCK7jzY7noqh5ER0IX31Mwodw0qI="},"senderSigningKey":{"public":"BWop9NIPhnSDYK6OyQeOghPiwytjnvrbLzP91dbolWct"}}]