[{"senderKeyId":1134377107,"senderChainKey":{"iteration":33,"seed":"qab8gDGxMb+C48rsN/IfbaP9ggbBDkl6P+nrFUH1kNY="},"senderSigningKey":{"public":"BViXc8ralNPB697RDgw5bXG1tLM2FIddPcu8X/EoRahN"},"senderMessageKeys":[]},{"senderKeyId":1761187492,"senderChainKey":{"iteration":4,"seed":"juRZ2+ghgtbFIoxHdKY6pJqPhboalmixoUudQ+rYKvI="},"senderSigningKey":{"public":"BQ+e33Tvv0AHqAHQ5pPqXPw+hpDKM4el8Wi5k68p65kU"},"senderMessageKeys":[]},{"senderKeyId":977144867,"senderChainKey":{"iteration":2,"seed":"mNXTSp2U+C7h7c2Z+86XWNgFJdbu2BAHsPdHCANadlY="},"senderSigningKey":{"public":"BYDK6Hk01MlNPOtTKdtvYLPFBlNUhQGso8rt37KhUFdA"},"senderMessageKeys":[]},{"senderKeyId":1169929425,"senderChainKey":{"iteration":3,"seed":"xXB0tU0fNQZt5IxelVrMO53GwHDZN1TNJwaqpc+50p4="},"senderSigningKey":{"public":"BYKMfDCzhCUuojCVKwCitmYP8wbbyW1w2kwzSdfh/REU"},"senderMessageKeys":[]},{"senderKeyId":1699685476,"senderChainKey":{"iteration":1,"seed":"C4bZ/7bhdUH9/BCX9V6PxiR1x+cSdZIPV+xAWA1FQrY="},"senderSigningKey":{"public":"BQ8NjwJJCwTzJNjbYz9bIjrtQVjVPyCXvdfLtkMuUwJY"},"senderMessageKeys":[]}]