[{"senderKeyId":1121002403,"senderChainKey":{"iteration":7,"seed":"e8pc/3GZh9nD0++5F5NQA3vA54IWnm7yjeBkZhjhR3c="},"senderSigningKey":{"public":"BZPDGhWWq0xQu0eUA9YmEYyhoSId8bHTIQec2fgw04k2"},"senderMessageKeys":[]},{"senderKeyId":705897428,"senderChainKey":{"iteration":3,"seed":"Wuu4h5q/qtqrWO6/HYaSR8f0ca2HE/79n9qYwvgirCw="},"senderSigningKey":{"public":"BdRZJKmJsPxr+DVf6E4SwKedtvcIIjGdNVonvhJev1U0"},"senderMessageKeys":[]},{"senderKeyId":705897428,"senderChainKey":{"iteration":1,"seed":"5KJe60sEr1psk22Xu1ehyva9esTFKZPFbcxUUSpkQzg="},"senderSigningKey":{"public":"BdRZJKmJsPxr+DVf6E4SwKedtvcIIjGdNVonvhJev1U0"},"senderMessageKeys":[]},{"senderKeyId":705897428,"senderChainKey":{"iteration":2,"seed":"4hOG1fKnPDaBFeL+qw7Z5It5yu4s1icH6+u3p/HALYw="},"senderSigningKey":{"public":"BdRZJKmJsPxr+DVf6E4SwKedtvcIIjGdNVonvhJev1U0"},"senderMessageKeys":[]},{"senderKeyId":1402782726,"senderChainKey":{"iteration":4,"seed":"55WTnqfzu18bTr2PpQWO4WrwZbc0iplLcfs4NrO0gNA="},"senderSigningKey":{"public":"BWA5znb4af8/DX8VFaBdkjfPlkfjmplZmz0B8eN9upZn"},"senderMessageKeys":[]}]